ID,Product,Qty.,
PS1,ASSORTED MEDIUM COLLAR,10,
PS2,ASSORTED REPACK TREATS- CHICKEN & CALCIUM BONES,4,
PS3,ASSORTED REPACK TREATS- ODOG CHICKEN STICKS ,12,
PS4,ASSORTED REPACK TREATS- PET SNACK CHICKEN JERKY STICKS,2,
PS5,BLUE DISENFECTANT SPRAY BOTTLE 500ML,8,
PS6,CAT LITTER BOX FULLY ENCLOSED -SMALL 38X52X35CM,2,
PS7,CAT LITTER PET BOX OPEN TRANSLUCENT CAT TOILET 50*36*18cm,10,
PS8,COTTON MESH MUZZLE ,0,
PS9,FURTASTIC HERBAL EAR WASH 120ML,0,
PS10,GRAIN FORMULA/JONSANTY HAMSTER FOOD 250G,1,
PS11,HAMSTER CASTLE HAWAII VILLA ,2,
PS12,HAMSTER CASTLE SMALL VILLA ,2,
PS13,HAMSTER SLIDE HOUSE,2,
PS14,HAMSTER SWING ,2,
PS15,HAMSTER WATER BOTTLE FEEDER 80ML ,4,
PS16,HATELI CAT TEASER FEATHER PLASTIC STICK,10,
PS17,NURSING BOTTLE HATELI BRAND 50ML,0,
PS18,NUTRICARE CATFOOD ALL STAGES,-55,
PS19,PAW PRINT STAINLESS BOWL LARGE 34CM,8,
PS20,PAW PRINT STAINLESS BOWL MEDIUM 26CM,0,
PS21,PEDIGREE BEEF POUCH ADULT 80G ,8,
PS22,PEDIGREE PUPPY POUCH 80G ,0,
PS23,PET BAG UFO BACKPACK 30X23X35CM,2,
PS24,PET BOX CREAMY TRANSPARENT TYPE 33*41*18CM ,0,
PS25,PET CAR SEAT BOX ,2,
PS26,PULMOQUIN SYRUP 60ML,28,
PS27,SEMI CLOSED PET BED - SMALL WITH PILLOW,1,
PS28,SLEEKY CHEWY TREATS REPACK 10PCS ,0,
PS29,SMARTHEART RODENT FOOD 500G,4,
PS30,SPECIAL CAT URINARY KILO REPACK,-12,
PS31,ST. ROCHE CONDITIONER- MOTHER NATURE 500ML,3,
PS32,VERMICIDE 15ML,0,
PS33,VERMICIDE 60ML,0,
PS34,VETCORE NUTRIFUEL PROBIOTIC SUPPLEMENT 125ML BOTTLE,1,
PS35,WHOOPPY ADULT 5KLS PACK,-6,
PS36,WHOOPPY PUPPY 5KLS PACK,-8,
PS37,WOODEN SCRATCH PAD - CAT TOY,0,
PS38,XMAS CAT PACK ,0,
PS39,XMAS PUPPY PACK,0,
PS40,ZOI TUNA CATFOOD 1KG PACK ,7,
PS41,DISPOSABLE INSEMINATION AI CATHETERS RODS 10PCS PACK,5,
PS42,IVERMECTIN / PER TABLET,51,
PS43,JENECA OXYGEN PUMP AP-980,1,
PS44,SOBO AQUARIUM FILTER PUMP WP-1200F,0,
PS45,SOBO OXYGEN PUMP SB-248A,2,
PS46,SOBO SUBMERSIBLE PUMP WP-100D,1,
PS47,DEXTROSE 100G,4,
PS48,DEXTROSE 300G,17,
PS49,LAKTRAZINE (CO-TRIMAZINE) ,0,
PS50,LC-CAL 60ML,10,
PS51,PRAZINATE 60ML,8,
PS52,COATSHINE 120ML,7,
PS53,COATSHINE 60ML,0,
PS54,DELTACAL,0,
PS55,GENTIN,0,
PS56,LC-DOX SUSPENSION 120ML,4,
PS57,LC-DOX SUSPENSION 60ML,3,
PS58,LC-SCOUR 120ML,0,
PS59,LC-SCOUR 60ML,1,
PS60,LC-VIT PLUS SYRUP 120ML,0,
PS61,LC-VIT PLUS SYRUP 60ML,0,
PS62,LC-VIT SYRUP 120ML,0,
PS63,LC-VIT SYRUP 60ML,2,
PS64,LIVOTINE 120ML,-1,
PS65,LIVOTINE 60ML,21,
PS66,MICRODERM,0,
PS67,NEMATOCIDE 15ML,-12,
PS68,NEMATOCIDE 60ML,1,
PS69,NUTRIBLEND GEL,0,
PS70,NUTRICAL SYRUP 120ML,0,
PS71,NUTRICAL SYRUP 60ML,2,
PS72,OTIDERM EAR DROPS,1,
PS73,PROXANTEL / PER TABLET,32,
PS74,PROXANTEL 50TABS,0,
PS75,REFAMOL,0,
PS76,AZU DOG SHAMPOO 1000ML ,6,
PS77,AZU DOG SHAMPOO 500ML ,6,
PS78,BABY BOO CHARCOAL PEE PADS - M/L,0,
PS79,BABY BOO DIAPERS FEMALE -XS/S/M/L,18,
PS80,BABY BOO DIAPERS MALE - XS/S/M/L ,10,
PS81,BEARING SHAMPOO - FOR ALL DOGS 150ML,-1,
PS82,BEARING SHAMPOO - FOR ALL DOGS 300ML,0,
PS83,BEARING SHAMPOO - FOR ALL DOGS 600ML,0,
PS84,BEARING SHAMPOO - LONG HAIR 150ML,0,
PS85,BEARING SHAMPOO - LONG HAIR 300ML,0,
PS86,BEARING SHAMPOO - LONG HAIR 600ML,6,
PS87,BEARING SHAMPOO - SMALL BREEDS 150ML,0,
PS88,BEARING SHAMPOO - SMALL BREEDS 300ML,0,
PS89,BEARING SHAMPOO - SMALL BREEDS 600ML,-1,
PS90,BEARING SHAMPOO - SMELLY HAIR 150ML,0,
PS91,BEARING SHAMPOO - SMELLY HAIR 300ML,1,
PS92,BEARING SHAMPOO - SMELLY HAIR 600ML,8,
PS93,BEARING SHAMPOO - WHITE HAIR 600ML,0,
PS94,BIO-GENTADROP,0,
PS95,BIOLINE EARCARE,10,
PS96,BIOLINE EARMITE,0,
PS97,BIOLINE EYECARE,10,
PS98,BIOLINE PUPPY TRAINING 50ML,0,
PS99,BIOLINE TICK AND FLEA COLLAR,0,
PS100,BIOLINE TICK AND FLEA SPRAY,0,
PS101,BIOLINE TEA TREE OIL PET SOAP 100G,4,
PS102,PREMIUM BIRD FOOD MIXED SEEDS AND PELLETS 500G,6,
PS103,BIRD MIXED SEEDS 500G,5,
PS104,R&M BIRD FOOD BL-0101 TIGER SKIN PATTERN BIRD,0,
PS105,CAT VILLA CAGE - 4 LAYER 85X62X178CM,1,
PS106,PET CAGE MULTIFUNCTIONAL CAT CABINET 100X60X60CM,2,
PS107,CASSIEL PET - ALBENDAZOLE TABLETS,10,
PS108,CASSIEL PET - PET SKIN TREATMENT SPRAY,-1,
PS109,CASSIEL PET - POUR ON SOLUTION,1,
PS110,CASSIEL PET - TICK AND FLEA KILLER SPRAY CAT AND DOG 100ML,5,
PS111,CASSIEL PET - TICK AND FLEA KILLER SPRAY CAT AND DOG 250ML,0,
PS112,BIOLINE 2408 CAT GRASS KIT,0,
PS113,BIOLINE CATNIP ,-2,
PS114,CAGE DUMBBELL CAT TOY,4,
PS115,CAT BALL 4PCS /PACK,16,
PS116,CAT BALL DOTTED /PACK,11,
PS117,CAT BALL FISH /PACK,0,
PS118,CAT BALL TRANSPARENT / PACK,19,
PS119,CAT BALL WITH BELL,0,
PS120,CAT CONDO 2/3 LAYERS,-2,
PS121,CAT CONDO 4 LAYERS,1,
PS122,CAT FOUR LAYER WINDMILL PLAY PLATE TOY,4,
PS123,CAT HAMMOCK - WATERPROOF,0,
PS124,CAT HAMMOCK COTTON ,0,
PS125,CAT IQ TRAINING TOY,6,
PS126,CAT LASER TEASER 6IN1 KG-072,8,
PS127,CAT LASER TEASER USB CHARGING 5 PICTURES,0,
PS128,CAT LITTER BOX CURLYTAIL SEMI-CLOSED,0,
PS129,CAT LITTER BOX FULLY ENCLOSED DRAWER DOUBLE DOORS,0,
PS130,CAT LITTER BOX FULLY ENCLOSED FRONT AND TOP DOOR 52X36X34CM,2,
PS131,CAT LITTER BOX HIGH FENCE SEMI-CLOSED,2,
PS132,CAT LITTER BOX WITH FLIP DOOR,0,
PS133,CAT LITTER SCOOP METAL SHOVEL -SMALL,1,
PS134,CAT LITTER SCOOPER BRONZE METAL SHOVEL ,4,
PS135,CAT LITTER SCOOPER METAL SHOVEL - LARGE,1,
PS136,CAT LITTER SCOOPER SHORT HANDLE,0,
PS137,CAT MASSAGE BRUSH,1,
PS138,CAT PET CAGE 2 LAYERS,0,
PS139,CAT SCRATCH BOARD,-15,
PS140,CATGRASS IN CAN -MINT,4,
PS141,CATNIP,-10,
PS142,CATNIP BALL WITH FEATHER,0,
PS143,CATNIP IN TUBE ,5,
PS144,COLLAPSIBLE CAT CAGE - 2 XL,1,
PS145,COLLAPSIBLE CAT CAGE - 3 XL,0,
PS146,COLLAPSIBLE CAT CAGE - LARGE ,0,
PS147,CUBIC CAT LITTER BOX - LARGE,4,
PS148,CUBIC CAT LITTER BOX - MEDIUM,1,
PS149,CUBIC CAT LITTER BOX - SMALL,0,
PS150,CUBIC DUMBELL TOY,0,
PS151,CURVED CAT LITTER SCOOPER,40,
PS152,DOTTED BELL BALL FOR CAT /PACK,-2,
PS153,FEATHER BALL CAT TOY,-3,
PS154,FISH SHAPE CAT BALL,0,
PS155,HALLOW BELL BALL FOR CAT /PACK,19,
PS156,HANGING CATNIP,-8,
PS157,LONGBACK CAT LITTER BOX - SMALL,0,
PS158,LONGBACK CAT LITTER BOX -MEDIUM,4,
PS159,MOUSE SHAPED CAT SCRATCHER,1,
PS160,MOUSE STICK CAT TEASER - WOODEN,-1,
PS161,PET LITTER BOX SMI-CLOSED 48.5X36,1,
PS162,PET TOY MINT BALLS LUCKY CAT ,20,
PS163,RAINBOW BELL BALL FOR CAT /PACK,-1,
PS164,ROUND CAT LITTER BOX - MEDIUM,1,
PS165,ROUND CAT LITTER BOX - SMALL,1,
PS166,ROUND TOY CAT TEASER,0,
PS167,SCRATCHING BOARD WITH TRACK,0,
PS168,SEMI-ENCLOSED CAT LITTER BOX,0,
PS169,SLOTTED BELL BALL FOR CAT /PACK,-1,
PS170,SPRING MOUSE CAT TOY,1,
PS171,SPRING PRISON BALL CAT TOY,1,
PS172,STEEL WIRE FEATHER CAT TEASER,15,
PS173,WIDE CAT LITTER SCOOPER,18,
PS174,WINDMILL CAT TOY,0,
PS175,AOZI CAT ALL STAGES KILO REPACK,-83,
PS176,AOZI CAT ALL STAGES-1 SACK 20KG,1,
PS177,AOZI KITTEN 1KL REPACK,-269,
PS178,BOLT ADULT CAT 1KG PACK,-48,
PS179,BOLT KITTEN 1KG PACK,36,
PS180,BOLT KITTEN HALF KILO 500G PACK,-88,
PS181,CATCARE ALL STAGES CATFOOD - 1 KILO REPACK,0,
PS182,CUTIES CAT ALL STAGES HALF KILO,-22,
PS183,CUTIES CAT ALL STAGES KILO,-2,
PS184,CUTIES SALMON (RED) 22KG,0,
PS185,CUTIES SEAFOOD (VIOLET) 22KG,0,
PS186,CUTIES TUNA (BLUE) 22KG,2,
PS187,CUTIES TUNA AND SHRIMP (ORANGE) 22KG,0,
PS188,DIXIE CATFOOD ADULT 1KILO REPACK,-1,
PS189,INFINITY CAT ALL STAGES 1 KILO REPACK ,0,
PS190,INFINITY CAT OCEAN FISH ALL STAGES 20KG SACK,0,
PS191,KEOS CAT FOOD ALL STAGES - SEAFOOD ,-1,
PS192,KEOS CAT FOOD ALL STAGES 1KG REPACK,0,
PS193,LUCY CAT 1 SACK ,0,
PS194,LUCY CAT ALL STAGES KILO,-17,
PS195,LUCY26 CAT FOOD ADULT - 1KL REPACK,-11,
PS196,MAXIME  CATFOOD 1.2KG POUCH TUNA ,0,
PS197,MAXIME CAT 1KILO REPACK,-6,
PS198,MAXIME CAT 7 KILO SACK ,0,
PS199,MONELLO ADULT CAT FOOD 1KG REPACK,-21,
PS200,MONELLO ADULT CAT FOOD 7KG SACK ,-2,
PS201,MYCAT 10KG SACK CAT FOOD ALL STAGES,4,
PS202,MYCAT 1KG PACKED CATFOOD -ALL STAGES,-106,
PS203,MYCAT CATFOOD 1KG REPACK ,0,
PS204,NUTRICARE CAT MARINE FISH 22KG,0,
PS205,NUTRICARE CAT SALMON 22KG,2,
PS206,NUTRICARE CAT TUNA 22KG,0,
PS207,NUTRICARE CAT TUNA AND SARDINES 22KG,0,
PS208,ORI CAT ADULT 1SACK 20KLS,1,
PS209,ORI CAT ADULT 800G PACK,-12,
PS210,ORI CAT KITTEN 1SACK 20KLS,1,
PS211,ORI CAT KITTEN 800G PACK,-9,
PS212,POWERCAT ADULT KILO,-23,
PS213,POWERCAT CHICKEN (RED) 7KG,0,
PS214,POWERCAT FISH (GREEN) 8KG,0,
PS215,POWERCAT KITTEN (PINK) 7KG,3,
PS216,POWERCAT KITTEN KILO,-87,
PS217,POWERCAT TUNA (BLUE) 8KG,1,
PS218,PRINCESS CAT 22.7KG,2,
PS219,PRINCESS CAT HALF KILO ,-20,
PS220,PRINCESS CAT KILO,-4,
PS221,RC MOTHER AND BABY CAT 400G,0,
PS222,SICAT 1KG POUCH CATFOOD- ADULT ,0,
PS223,SMARTHEART ADULT 1KILO REPACK ,0,
PS224,SMARTHEART CAT ADULT 7KG,0,
PS225,SMARTHEART KITTEN 1KILO REPACK ,-18,
PS226,SMARTHEART KITTEN 7KG,9,
PS227,SPECIAL CAT ALL STAGES KILO,-36,
PS228,SPECIAL CAT SACK 7KG,-1,
PS229,SPECIAL CAT URINARY 7KG,0,
PS230,WHISKAS ADULT KILO,-18,
PS231,WHISKAS JR. KITTEN 6.5KG,0,
PS232,WHISKAS KITTEN KILO,-2,
PS233,WHISKAS MACKAREL 7KG,0,
PS234,WHISKAS OCEANFISH 7KG,1,
PS235,WHISKAS TUNA 7KG,1,
PS236,ZOI CATFOOD REPACK 1KL,-309,
PS237,ZOI TUNA CAT  20KG,0,
PS238,BESTCLEAN LAVENDER 10L,4,
PS239,BESTCLEAN LEMON 10L,1,
PS240,BESTCLEAN ROSE 10L,0,
PS241,CAT LITTER 3KLS REPACK,-8,
PS242,CAT LITTER DEODORANT BEADS,63,
PS243,CAT LITTER SCOOPER/SHOVEL GRID - SMALL,-3,
PS244,CAT LITTER SHOVEL SCOOP WITH TRASH BAG CUP,7,
PS245,CAT LITTER SHOVEL TRANSPARENT SCOOPER,12,
PS246,CATTITUDE - CAT LITTER 10 LITTERS,-35,
PS247,CATTITUDE - COFFEE SCENT 10LITERS SAND,59,
PS248,CATTITUDE 5LITERS SAND,-3,
PS249,DONO CAT LITTER CARBON 6L,-2,
PS250,FAT TIGER APPLE SCENT 10LITERS,0,
PS251,FAT TIGER CAT LITTER 10LITERS LAVENDER/LEMON/COFFEE,-5,
PS252,FELINE FRESH APPLE 10L,0,
PS253,FELINE FRESH CHARCOAL 10L,0,
PS254,FELINE FRESH COFFEE 10L,4,
PS255,FELINE FRESH LAVENDER 10L,3,
PS256,FELINE FRESH LEMON 10L,1,
PS257,FELINE FRESH LEMON GRASS 10L,0,
PS258,FELINE FRESH PINK SAND 10L,0,
PS259,GIGGLES TOFU CHARCOAL 6L,0,
PS260,GIGGLES TOFU GREEN TEA 6L,0,
PS261,GIGGLES TOFU LAVENDER 6L,0,
PS262,GIGGLES TOFU LEMON 6L,0,
PS263,GIGGLES TOFU ORIGINAL 6L,4,
PS264,GIGGLES TOFU PEACH 6L,0,
PS265,KITTY FRESH COFFEE 10L,-1,
PS266,KITTY FRESH LAVENDER 10L,0,
PS267,KITTY FRESH LEMON 10L,21,
PS268,MAX PET CAT LITTER SAND BABY POWDER 10L,3,
PS269,MAX PET CAT LITTER SAND COFFEE 10L,35,
PS270,MAX PET CAT LITTER SAND GREENTEA 10L,0,
PS271,MAX PET CAT LITTER SAND LAVENDER 10L,15,
PS272,MAX PET CAT LITTER SAND LEMON 10L,5,
PS273,MEOWTECH CAT LITTER SAND 12.8L,-1,
PS274,MEOWTECH COFFEE 12.8L,6,
PS275,MEOWTECH FINE TOFU 10.18LITERS,1,
PS276,MEOWTECH GRAPES 12.8L,6,
PS277,MEOWTECH LAVENDER 12.8L,13,
PS278,MEOWTECH LEMON 12.8L,16,
PS279,MEOWTECH PANDAN 12.8L,0,
PS280,MIG PETCARE CAT LITTER SAND 10L ALL SCENT,0,
PS281,PET DOG POOP SHOVEL SCOOP - PICKER CLEANER,2,
PS282,PET SHOVEL COLOR MATCHING THICKENED ,12,
PS283,TOP CAT LITTER SAND 10L,23,
PS284,TOP CAT LITTER SAND 5LITERS,23,
PS285,WARRIOR CAT LITTER 5L LAVENDER,-1,
PS286,WARRIOR CAT LITTER 5L LEMON,-1,
PS287,ZEN CLEAN 25LITERS LAVENDER/LEMON ,0,
PS288,ZEN CLEAN CAT LITTER 10L COFFEE ,-4,
PS289,ZEN CLEAN CAT LITTER 10L LAVENDER,4,
PS290,ZEN CLEAN CAT LITTER 10L LEMON,1,
PS291,BIO CREAMY WET CAT TREATS IN STICKS 4PCS PACK  ,0,
PS292,BIOLINE LIQUID SNACK  2326 BONITO FLAVOR,0,
PS293,BIOLINE LIQUID SNACK 2325 CHICKEN FLAVOR,0,
PS294,BIOLINE LIQUID SNACK 2327 YELLOWFIN TUNA FLAVOR,0,
PS295,BIOLINE NATURAL FEAST SMOOTH PATE 1 STICK ,-70,
PS296,BIOLINE NATURAL FEAST SMOOTH PATE-1PACK (15GX5PCS),96,
PS297,CIAO CAT TREATS,0,
PS298,ENTREE STRAWBERRY STICKS REPACK 4PCS,9,
PS299,FAENBEI CAT STICKS TUNA/SALMON 15G,27,
PS300,FLAVOREX CREAMY STICKS 14GX4 PACK,18,
PS301,FLAVOREX SUPER PREMIUM CAT TREATS- BEEF BISCUITS,1,
PS302,FLAVOREX SUPER PREMIUM CAT TREATS- CHICKEN BISCUITS,0,
PS303,FLAVOREX SUPER PREMIUM CAT TREATS- GOURMET TUNA  BISCUITS,1,
PS304,FLAVOREX SUPER PREMIUM CAT TREATS- SALMON BISCUITS,0,
PS305,FLAVOREX SUPER PREMIUM CAT TREATS- SALMON BISCUITS,0,
PS306,FREEZE DRIED CAT GRASS CUBE SNACK,0,
PS307,HEALTHY CAT TREAT JAR ,1,
PS308,HEALTHY CAT TREAT POUCH ,0,
PS309,HEALTHY CAT TREAT POUCH SMALL,0,
PS310,JACKPOT CRUNCHY CAT BISCUITS- TASTY CHICKEN 75G,-1,
PS311,JACKPOT CRUNCHY CAT BISCUITS- TASTY SALMON 75G,9,
PS312,KITCAT KITTY CRUNCH,6,
PS313,LEIBAO CAT STRIPS - TUNA / COD / CHICKEN,5,
PS314,LUSCIOUS CAT TREATS 35G ,5,
PS315,LUSCIOUS MEAT TOPPERS - CAT  AND DOGS,19,
PS316,MYCAT CREAMY TREATS 4X15G PACK,14,
PS317,PET BIOLINE CATNIP BISCUITS SALMON / COD FLAVOR,20,
PS318,POCA CAT TREATS REPACK ,-4,
PS319,SAUSAGE PACK BARE KITCHEN BRAND 5PCS,-93,
PS320,URCHIN CAT TREATS - CHICKEN,8,
PS321,URCHIN CAT TREATS - SALMON,0,
PS322,URCHIN CAT TREATS - TUNA,-10,
PS323,YAHO CAT COOKIES MINT / TUNA / SALMON,-6,
PS324,YAHO CAT SNACK PACK 80G,8,
PS325,YAHO CAT TREATS,1,
PS326,AOZI CAT BEEF CAN 430G,-1,
PS327,AOZI CAT CHICKEN CAN 430G,-7,
PS328,AOZI CAT OCEANFISH CAN 430G,105,
PS329,AOZI CAT OCEANFISH POUCH 85G,10,
PS330,AOZI CAT SALMON & BEEF CAN 430G,-30,
PS331,AOZI CAT SALMON & BEEF POUCH 85G,4,
PS332,AOZI CAT SALMON & CHICKEN CAN 430G,0,
PS333,AOZI CAT SALMON & CHICKEN POUCH 85G,1,
PS334,AOZI CAT SALMON CAN 430G,29,
PS335,AOZI CAT SALMON POUCH 85G,3,
PS336,AOZI CAT TUNA & CHICKEN CAN 430G,0,
PS337,AOZI CAT TUNA & SARDINES CAN 430G,0,
PS338,AOZI CAT TUNA AND BEEF CAN 430G,8,
PS339,AOZI CAT TUNA AND BEEF POUCH 85G,-5,
PS340,AOZI CAT TUNA CAN 430G,40,
PS341,AOZI CAT TUNA POUCH 85G,8,
PS342,BIOLINE CAT CANNED BEEF 375G,3,
PS343,BIOLINE NATURAL FEAST PATE IN CAN 170G ,21,
PS344,CROWNE CAT CHICKEN CAN ,0,
PS345,CROWNE CAT CHICKEN SALMON CAN,1,
PS346,CROWNE CAT SALMON,0,
PS347,CROWNE CAT TUNA CAN,0,
PS348,CROWNE CHICKEN TUNA CAN,0,
PS349,DAILY DELIGHT CAN CAT WET FOOD -80G8886432301029,0,
PS350,FRISKIES CAT CAN 156G,0,
PS351,GOODEST CAT ASSORTED POUCH 85G,0,
PS352,INFINITY CAT CAN - CHUNKS  AND CHICKEN (GREEN) ,-1,
PS353,INFINITY CAT CAN - CHUNKS  AND SHRIMP (YELLOW) ,0,
PS354,INFINITY CAT CAN - CHUNKS  AND WHITEBAIT (BLUE) ,-3,
PS355,JUNGLE CAT BEEF CHUNKS CAN 400G,-4,
PS356,LIFE CAT WET FOOD POUCH 85G,0,
PS357,MAXWELL CAT CANNED FOOD ASSORTED FLAVOR,8,
PS358,MONGE GRILL CAT LAMB POUCH 85G,0,
PS359,MONGE GRILL CAT MACKAREL POUCH 85G,0,
PS360,MONGE GRILL CAT SALMON POUCH 85G,0,
PS361,MONGE GRILL CAT TROUT POUCH 85G,0,
PS362,MONGE GRILL CAT VEAL POUCH 85G,0,
PS363,MYCAT WET FOOD CAN 375G,1,
PS364,MYCAT WET FOOD POUCH ALL STAGES 80G,9,
PS365,PLAISIR CAT WET FOOD POUCH 100G ,13,
PS366,POWERCAT CAN - SEAFOOD PLATTER 400G ,-13,
PS367,POWERCAT CAN WETFOOD 400G - ALL FLAVOUR,14,
PS368,POWERCAT KITTEN FORMULA 400G,2,
PS369,PRODIET ADULT 85G POUCH,3,
PS370,PRODIET KITTEN 85G POUCH,-1,
PS371,ROYAL CANIN URINARY CARE,0,
PS372,ROYAL CANIN URINARY SO 85G POUCH - MUSSELS IN GRAVY ,1,
PS373,SMARTHEART CAT CAN 400G,2,
PS374,SMARTHEART CHICKEN RICE & CARROT POUCH 85G,0,
PS375,SMARTHEART CHICKEN RICE & CHEESE POUCH 85G,2,
PS376,SMARTHEART CHICKEN RICE & KANIKAMA POUCH 85G,-2,
PS377,SPECIAL CAT BEEF AND LIVER CAN 400G,0,
PS378,SPECIAL CAT CAN WETFOOD 400G,5,
PS379,SPECIAL CAT RABBIT AND LIVER CAN 400G,0,
PS380,SPECIAL CAT TUNA CAN 400G,0,
PS381,WHISKAS 1+ CHICKEN 80G POUCH,1,
PS382,WHISKAS 1+ MACKAREL POUCH 80G,-1,
PS383,WHISKAS 1+ OCEANFISH POUCH 80G,-3,
PS384,WHISKAS 1+ TASTY MIX POUCH 80G,0,
PS385,WHISKAS 1+ TUNA AND WHITEFISH POUCH 80G,55,
PS386,WHISKAS 1+ TUNA POUCH 80G,68,
PS387,WHISKAS JR MACKAREL POUCH 80G,30,
PS388,WHISKAS JR TUNA POUCH 80G,56,
PS389,WHISKAS OCEANFISH CAN 400G,0,
PS390,WHISKAS TUNA CAN 400G,0,
PS391,DR. POOCH ANTI-TICK AND FLEA SPRAY,1,
PS392,DR. POOCH COUGH AND COLD 60ML,0,
PS393,PUPPY FATTENER 120ML,-5,
PS394,PUPPY FATTENER 60ML,0,
PS395,VCO FOR PETS,0,
PS396,AOZI ADULT (GOLD) 20KG,1,
PS397,AOZI ADULT (GOLD) KILO,-6,
PS398,AOZI DOG LAMB APPLE ADULT - GREEN 1KG REPACK,-62,
PS399,AOZI DOG LAMB APPLE ADULT 10KG SACK,0,
PS400,AOZI LAMB AND APPLE ORGANIC 10KLS SACK,-2,
PS401,AOZI PUPPY (SILVER) 20KG,2,
PS402,AOZI PUPPY (SILVER) KILO,-146,
PS403,AZU ALL STAGES 1KILO REPACK- DOG FOOD,-1,
PS404,AZU DOG FOOD 5KG SACK ,2,
PS405,AZU MAINTENANCE 1 KILO PACK,3,
PS406,BINGO ADULT 1KILO REPACK,7,
PS407,BINGO ADULT HALF KILO,-8,
PS408,BINGO ADULT SACK 20KLS,-4,
PS409,BINGO PUPPY 1KILO REPACK,-8,
PS410,BINGO PUPPY HALF KILO,-22,
PS411,BINGO PUPPY SACK 20KG,0,
PS412,CHEF'S SPECIAL - ADULT 1KG,3,
PS413,CHEF'S SPECIAL - PUPPY 1KG,2,
PS414,CHEF'S SPECIAL - SENIOR 1KG,6,
PS415,CHEF'S SPECIAL PUPPY 1 KILO REPACK ,-9,
PS416,CHEFS SPECIAL ADULT 10KG SACK,1,
PS417,CHEFS SPECIAL PUPPY 10KG SACK,1,
PS418,DERBY ADULT 20KG,1,
PS419,DERBY ADULT KILO,3,
PS420,DERBY PUPPY 20KG,0,
PS421,DERBY PUPPY KILO,0,
PS422,DIXIE CAT ADULT 1SACK 7KLS,-4,
PS423,DOGI BEEF 5KG SACK,-24,
PS424,DOGI BEEF ADULT 1 SACK 20KLS,0,
PS425,DOGI BEEF ADULT 1KILO REPACK,-32,
PS426,HOLISTIC ADULT 1 KILO REPACK,5,
PS427,HOLISTIC PUPPY,0,
PS428,NOVOPET ADULT DOG FOOD 1KG REPACK,-8,
PS429,NOVOPET DOG FOOD ADULT 20KLS SACK,1,
PS430,NUTRICARE ADULT POWERED BY AOZI 20KG,0,
PS431,NUTRICARE ADULT POWERED BY AOZI KILO,0,
PS432,NUTRICARE PUPPY POWERED BY AOZI 20KG,0,
PS433,NUTRICARE PUPPY POWERED BY AOZI KILO,0,
PS434,OLE KAT - ADULT CATFOOD 1KL REPACK,-49,
PS435,PEDIGREE ADULT 20KG,1,
PS436,PEDIGREE ADULT KILO,-8,
PS437,PEDIGREE PUPPY 15KG,1,
PS438,PEDIGREE PUPPY KILO,-5,
PS439,PET ONE  PUPPY ,-8,
PS440,POWERDOG ADULT 1KILO REPACK,-4,
PS441,POWERDOG ADULT SMALL BREED (LAMB AND VEG) 3KLS PACK,2,
PS442,POWERDOG PUPPY (BEEF MEAL) 3KG PACK,0,
PS443,SELECTA ADULT 1KG REPACK ,0,
PS444,SELECTA FEEDS LITE ADULT 10KG,2,
PS445,SMARTHEART ADULT 20KG,0,
PS446,STRIKE ADULT DOG FOOD - 1 KILO REPACK,19,
PS447,STRIKE ADULT DOGFOOD HALF KILO ,-9,
PS448,SUPER A ADULT 1KL REPACK,-18,
PS449,SUPER A DOGFOOD 1KG POUCH- ADULT,-4,
PS450,SUPER A DOGFOOD ADULT - 1 SACK,1,
PS451,TOPBREED ADULT 20KG,-2,
PS452,VALUEMEAL ADULT 20KG,2,
PS453,VALUEMEAL ADULT KILO,-24,
PS454,VALUEMEAL PUPPY 20KG,2,
PS455,VALUEMEAL PUPPY KILO,-14,
PS456,VITALITY CLASSIC ADULT 15KG,3,
PS457,VITALITY CLASSIC ADULT KILO,8,
PS458,VITALITY HIGH ENERGY PUPPY 15KG,1,
PS459,VITALITY HIGH ENERGY PUPPY LARGE BITES KILO,-1,
PS460,VITALITY HIGH ENERGY PUPPY SMALL BITES KILO,6,
PS461,WHOOPPY ADULT 1 KILO REPACK,2,
PS462,WHOOPPY ADULT 20KG,12,
PS463,WHOOPPY PUPPY 20KG,7,
PS464,WHOOPPY PUPPY KILO,10,
PS465,7DENTALEFFECTS MOLAR STIX - AVOCADO 15G,0,
PS466,7DENTALEFFECTS MOLAR STIX - BUTTERCORN15G,0,
PS467,7DENTALEFFECTS MOLAR STIX - TOMATO BEEF 15G,0,
PS468,APPETITE BOOSTER FOR DOGS AND CATS 80G (ASSTD FLAVOR),38,
PS469,APPETITE BOOSTER FOR DOGS AND CATS 80G (W/ MORINGA - ASSTD FLAVOR),45,
PS470,AZU DENTAL BITES BONES SHAPE 165G,21,
PS471,AZU DENTAL BITES MILK TWIST 165G,2,
PS472,AZU MEAT JERKY BEEF& LIVER 80G,25,
PS473,AZU MEAT JERKY ROASTED LAMB 80G ,-17,
PS474,AZU RAWHIDE 5INCH BY PC ,2,
PS475,BARF ORGANIC TOPPERS,-11,
PS476,DENTAL BONE - MOLAR BEEF 20G,0,
PS477,DENTAL BONE - MOLAR MILK 20G,0,
PS478,DENTASTIX LARGE (25KG-50KG) 112G,0,
PS479,DENTASTIX MEDIUM (10KG-25KG) 77G,37,
PS480,DENTASTIX PUPPY 56G,0,
PS481,DENTASTIX SMALL (5KG-10KG) 45G,8,
PS482,DENTASTIX STICK MEDIUM 10-25KG INDIVIDUAL,15,
PS483,DENTASTIX STICK SMALL DOG 5-10KG INDIVIDUAL,0,
PS484,DENTASTIX TOY (2KG-5KG) 60G,0,
PS485,DOG SNACK -SMALL BONES MIX FLAVOUR ,0,
PS486,DOGGIE BISCUITS 80G TRAVEL PACK,-2,
PS487,DOGGYMAN POCKE 4-IN-1,3,
PS488,DOGGYMAN SPINACH REPACK,3,
PS489,ENTREE 4PCS STICKS,-2,
PS490,ENTREE GOURMET DOG TREATS 70G,13,
PS491,FUNNY U TREATS ASSTD,-10,
PS492,YAHO DENTAL CHEW BONE - BEEF 25G,-4,
PS493,YAHO DENTAL CHEW BONE - CHICKEN 25G,0,
PS494,YAHO DENTAL CHEW BONE - MILK 25G,0,
PS495,YAHO DENTAL CHEW BONE 90G,0,
PS496,YAHO DENTAL TWIST BONE 165G JAR,12,
PS497,YAHO DOG SNACK PACK BUNS,0,
PS498,YAHO DOG SNACK PACK GRAINS,0,
PS499,YAHO MOLAR CHEWBONE - BEEF 15G,7,
PS500,YAHO MOLAR CHEWBONE - CHICKEN 15G,0,
PS501,YAHO MOLAR CHEWBONE - MILK 15G,0,
PS502,YAHO NATURAL DOG CHEW REPACK 5PCS ,20,
PS503,YAHO NATURAL DOG CHEW TREAT 100G,30,
PS504,YAHO PET SNACK TRAINING CUBES - BEEF/CHICKEN GRAINS 275G JAR,1,
PS505,YAHO TRAINING REWARD SNACK,0,
PS506,ZERT DOG DENTACARE  55G,31,
PS507,ZERT DOG DENTACARE 148G ,16,
PS508,ZERT STICKS 2PCS REPACK,-28,
PS509,AOZI DOG BEEF AND LIVER CAN 430G,30,
PS510,AOZI DOG BEEF AND LIVER POUCH 100G,20,
PS511,AOZI DOG BEEF CAN 430G,38,
PS512,AOZI DOG BEEF POUCH 100G,5,
PS513,AOZI DOG CHICKEN AND LIVER POUCH 100G,3,
PS514,AOZI DOG CHICKEN CAN 430G,6,
PS515,AOZI DOG LAMB AND LIVER CAN 430G,20,
PS516,AOZI DOG LAMB CAN 430G,47,
PS517,AOZI DOG LAMB POUCH 100G,21,
PS518,AOZI DOG LIVER CAN 430G,1,
PS519,AOZI DOG LIVER POUCH 100G,20,
PS520,AOZI DOG SALMON AND LIVER CAN 430G,-1,
PS521,AOZI DOG SALMON AND LIVER POUCH 100G,2,
PS522,AOZI DOG SALMON CAN 430G,1,
PS523,AZU DOG WET FOOD CAN 375G,15,
PS524,AZU DOG WET FOOD POUCH 80G ALL STAGES,24,
PS525,BIOLINE DOG WET FOOD CAN 375G -BEEF RECIPE,20,
PS526,BIOLINE DOG WET FOOD CAN 375G -CHICKEN RECIPE,2,
PS527,CESAR DOG WET POUCH 70G,6,
PS528,CROWNE DOG BEEF CAN,-28,
PS529,CROWNE DOG CHICKEN CAN,0,
PS530,CROWNE DOG TUNA CAN,0,
PS531,DAILY DELIGHT DOG WET FOOD ALL STAGES 375G CAN,108,
PS532,GOODEST DOG ASSORTED POUCH 85G,1,
PS533,LIFE CAT CAN 400G ,27,
PS534,PEDIGREE 5 KINDS OF MEAT CAN 400G,8,
PS535,PEDIGREE BEEF CAN 400G,0,
PS536,PEDIGREE BEEF POUCH ADULT 130G,9,
PS537,PEDIGREE GRILLED LIVER LOAF POUCH 130G,0,
PS538,PEDIGREE PUPPY CAN 400G,0,
PS539,PEDIGREE PUPPY POUCH 130G,-11,
PS540,PEDIGREE PUPPY POUCH CHICKEN 130G,31,
PS541,PEDIGREE SIMMERED BEEF POUCH 130G,-8,
PS542,PLAISIR DOG WET FOOD POUCH 100G,14,
PS543,POWERDOG CAN PUPPY 405G,21,
PS544,ROYAL CANIN RECOVERY 195G,1,
PS545,SMARTHEART BEEF POUCH 130G,-2,
PS546,SMARTHEART DOG CAN 400G,-2,
PS547,SPECIAL DOG BEEF CAN 400G,-2,
PS548,SPECIAL DOG JR (PUPPY) CAN 400G,0,
PS549,SPECIAL DOG LAMB AND TURKEY CAN 400G,2,
PS550,VITALITY VALUEMEAL WET FOOD CAN 390G ANY FLAVOR,4,
PS551,DONO DIAPER FEMALE XS/S/M,14,
PS552,DONO DIAPER MALE XS/S/M,-2,
PS553,DONO DIAPER MALE/FEMALE BY PC S/M/L/XL,0,
PS554,DONO TRAINING PEE PADS S/M,0,
PS555,DR SHIBA - TICK AND FLEA SOAP,5,
PS556,DR SHIBA - TICK AND FLEA SPRAY,3,
PS557,ECO BAG - SMALL ,11,
PS558,ECO BAG - XL ,12,
PS559,ECO BAG -LARGE,108,
PS560,ECO BAG ORANGE - LARGE,13,
PS561,ECO BAG ORANGE - MEDIUM,-8,
PS562,ECO BAG- MEDIUM,42,
PS563,EMERPLEX 120ML,8,
PS564,MUCOTAN 60ML,4,
PS565,TOLFENAMIC ACID TOLFENOL - 30ML SYRUP,15,
PS566,OPTICARE - GENTAMICIN EYE DROPS 7ML ,6,
PS567,NEWBORN PET FEEDING NEEDLE- MIRACLE NIPPLE SYRINGE ,20,
PS568,PET BOWL STAINLESS STEEL COLOR PRINTING W/ NON SLIP RUBBER MEDIUM 18CM,10,
PS569,PET BOWL STAINLESS STEEL COLOR PRINTING W/ NON SLIP RUBBER SMALL 14CM,9,
PS570,PET BOWL STAINLESS STEEL COLOR PRINTING W/ NON SLIP RUBBER XS 11CM,9,
PS571,AQUA MASTER FISH FOOD 15G PACK,20,
PS572,LUXBER HAMSTER FOOD (REPACK) 250G,-1,
PS573,LUXBER HAMSTER FOOD 1LB RL-0121,0,
PS574,R&M RM-0110 MINI HAMSTER CEREALS,0,
PS575,R&M RM-0111 HAMSTER CLASSIC CEREAL (454G),0,
PS576,VITAKRAFT HAMSTER 1KG PACK,0,
PS577,VITAKRAFT HAMSTER 400G,3,
PS578,BIRD CAGE #1000,0,
PS579,BIRD CAGE #1001,-1,
PS580,BIRD CAGE #1002,1,
PS581,BIRD CAGE #1003,0,
PS582,BIRD CAGE #1004,2,
PS583,BIRD CAGE RECTANGLE CST876,0,
PS584,BIRD FEEDER WITH CAGE HOLDER - MEDIUM,0,
PS585,BIRD FEEDER WITH CAGE HOLDER - SMALL,-1,
PS586,BIRD FEEDER WITH CAGE HOLDER -LARGE,0,
PS587,BIRD SEEDS AND WATER FEEDER,3,
PS588,BIRD SEEDS MIX 250G REPACKK ,1,
PS589,DOUBLE DECK HAMSTER CAGE - LARGE,-2,
PS590,DOUBLE DECK HAMSTER CAGE - SMALL,1,
PS591,DRIED WORMS REPACK 100G,6,
PS592,EMILY HAMSTER WOOD SHAVINGS 1KG,1,
PS593,FULIKAI RABBIT FOOD ADULT1KG,1,
PS594,GRAIN FORMULA/JONSANTY HAMSTER FOOD 500G,1,
PS595,HAMSTER BATH SAND,16,
PS596,HAMSTER BATHROOM TRANSPARENT - LARGE 16X11X11CM,0,
PS597,HAMSTER CAGE - 2 LAYER,1,
PS598,HAMSTER CAGE - 3 LAYER,2,
PS599,HAMSTER CAGE -1 LAYER ,4,
PS600,HAMSTER CAGE CRYSTAL ACRYLIC TRANSPARENT - 2 LAYER,5,
PS601,HAMSTER CLAMP RAT PICKER/SCOOP PLASTIC,0,
PS602,HAMSTER POTTY,-1,
PS603,HAMSTER RUNNING BALL - LARGE,3,
PS604,HAMSTER RUNNING WHEEL - LARGE ,0,
PS605,HAMSTER SAWDUST NATURAL WOOD CHIPS BEDDING,1,
PS606,HAMSTER SAWDUST PREMIUM WOODSHAVINGS 500G,4,
PS607,HAMSTER SILENT RUNNING WHEELS 11CM,0,
PS608,HAMSTER SILENT RUNNING WHEELS 14CM,3,
PS609,HAMSTER SILENT RUNNING WHEELS 16CM,0,
PS610,HAMSTER TOILET WITH DOOR,0,
PS611,HAMSTER TOILET WITH SHOVEL,2,
PS612,HAMSTER WATER BOTTLE FEEDER 250ML,2,
PS613,HAMSTER WHEEL TRANSPARENT ,5,
PS614,HAMSTER WHEELS,0,
PS615,JONSANTY ASSORTED FRUITS SNACK FOOD 500ML/G,1,
PS616,JONSANTY BREADWORM - DRY WORM SNACK FOOD 500ML/G,9,
PS617,JONSANTY GRAIN FORMULA HAMSTER FOOD 2LB,3,
PS618,JONSANTY HAMSTER FOOD 1LB,3,
PS619,NUTRIBIT PREMIUM RABBIT BREEDER PELLET -1KG REPACK,3,
PS620,PREMIUM BIRD FOOD MIXED SEEDS AND PELLETS 250G REPACK ,4,
PS621,REP-CAL TORTOISE TURTLE FOOD 170G ,0,
PS622,SHOWA TURTLE PELLET 30G ,5,
PS623,SMARTHEART RODENT FOOD 250G ,10,
PS624,VERSELE-LAGA CRISPY NUESLU HAMSTER FOOD 1KG ,3,
PS625,VITACKRAFT MENU REPACK - RABBIT FOOD 250G,-4,
PS626,YAHO CAT MINT IN JAR 250ML,2,
PS627,OTIDEX - GENTAMICIN SULFATE 15ML HAPPYPETS,17,
PS628,SCOURVET 60ML,6,
PS629,SORVIT 120ML,38,
PS630,SORVIT 60ML,17,
PS631,HIMPYRIN CATS AND DOGS,13,
PS632,IMMUNOL LIQUID SYRUP WHITE,12,
PS633,LIV 52 SYRUP 200ML,0,
PS634,LIVEROLIN,3,
PS635,SCAVON CREAM,-5,
PS636,LORI PHEUMEX,0,
PS637,FRISKY ORGANIC MDC SHAMPOO 1000ML,7,
PS638,FRISKY ORGANIC MDC SHAMPOO 100ML,0,
PS639,FRISKY ORGANIC MDC SHAMPOO 250ML,5,
PS640,FRISKY ORGANIC MDC SHAMPOO 500ML,5,
PS641,GOLDEN FUR CONDITIONER,23,
PS642,GOLDEN FUR HERBAL EAR WASH 60ML,2,
PS643,GOLDEN FUR KENNEL CARE ,5,
PS644,GOLDEN FUR MDC OINTMENT WITH MOISTURIZER,9,
PS645,PAWS & WHISKERS MDC HEALING OIL 100ML SPRAY,7,
PS646,PAWS & WHISKERS PET COLOGNE (SWEET FRUITY SCENT) 100ML,1,
PS647,PAWS & WHISKERS PET POWDER ,7,
PS648,G FUR CARE - MADRE DE CACAO ORGANIC BAR SOAP ,12,
PS649,G FUR CARE - PAWS AND WHISKERS - ODOR ELIMINATOR AND DISENFECTANT 500ML,8,
PS650,G FUR CARE - WOUND SPRAY FOR CATS AND DOGS,3,
PS651,GENTAMICIN SULFATE- EYEDROPS FOR CATS AND DOGS 10MG,9,
PS652,GFUR CAARE PET EYE DROPS 125ML,5,
PS653,GFUR CARE HEALING OIL SPRAY- MADRE DE CACAO,1,
PS654,SPOT ON TICK AND FLEA BUSTER 10ML BY GFUR CARE,0,
PS655,PLASTIC MUZZLE WITH LEATHER STRAP #1,2,
PS656,PLASTIC MUZZLLE WITH LEATHER STRAP #2,1,
PS657,PLASTIC MUZZLLE WITH LEATHER STRAP #3,0,
PS658,PLASTIC MUZZLLE WITH LEATHER STRAP #4,0,
PS659,PLASTIC MUZZLLE WITH LEATHER STRAP #5,2,
PS660,PLASTIC MUZZLLE WITH LEATHER STRAP #6,1,
PS661,PLASTIC MUZZLLE WITH LEATHER STRAP #7,3,
PS662,O'DOG WEE PADS L,6,
PS663,O'DOG WEE PADS L - BUNDLE,2,
PS664,O'DOG WEE PADS L 10PCS/PACK,-3,
PS665,O'DOG WEE PADS L 5PCS/PACK,0,
PS666,O'DOG WEE PADS M,4,
PS667,O'DOG WEE PADS M - BUNDLE,2,
PS668,O'DOG WEE PADS M 10PCS/PACK,-10,
PS669,O'DOG WEE PADS M 5PCS/PACK,0,
PS670,O'DOG WEE PADS S,0,
PS671,O'DOG WEE PADS S - BUNDLE,0,
PS672,O'DOG WEE PADS S 10PCS/PACK,3,
PS673,O'DOG WEE PADS S 5PCS/PACK,0,
PS674,PET PAPER COTTON JONSANTY CST344 LEMONGRASS,-2,
PS675,PET PAPER COTTON JONSANTY CST347 LAVENDER,-2,
PS676,CANIDERM 100ML,3,
PS677,CUTECAT ORGANIC SHAMPOO MDC 250ML,0,
PS678,CUTECAT ORGANIC SHAMPOO MDC 500ML,5,
PS679,FURMAGIC - DOG CONDITIONER 350ML,0,
PS680,FURMAGIC - MAGIC SHINE LEAVE-ON CONDITIONING SPRAY PINK (268ml),3,
PS681,FURMAGIC DOG SHAMPOO 300ML,15,
PS682,FURMAGIC DOG SOAP 108G ,0,
PS683,MADRE DE CACAO HERBAL SOAP PACK ,-1,
PS684,MADRE DE CACAO OINTMENT 120G,0,
PS685,MADRE DE CACAO OINTMENT 30G,0,
PS686,MADRE DE CACAO OINTMENT 60G,0,
PS687,MYCOCIDE SHAMPOO 150ML,6,
PS688,PET BIOLINE CAT SHAMPOO 250ML ,2,
PS689,PET BIOLINE WHITE CAT SHAMPOO 200ML,0,
PS690,RPETS JOLLY POTTY TRAINING,2,
PS691,VETNODERM (SULFUR SOAP) 145G,0,
PS692,VETNODERM CREAM 10G,-7,
PS693,VETNODERM SOAP (ORIG) ANTI TICK AND FLEA 145G,0,
PS694,VETNODERM SOAP MDC 145G,0,
PS695,PET FOOD STORAGE ,1,
PS696,BACKPACK GREY COTTON ,2,
PS697,BOX TYPE BREATHABLE BACKPACK,0,
PS698,CAGE MAT,3,
PS699,CHINA COLLAPSIBLE CAGE - L,0,
PS700,CHINA COLLAPSIBLE CAGE - M,0,
PS701,CHINA COLLAPSIBLE CAGE - S,0,
PS702,CLEAR BACKPACK CARRIER,0,
PS703,CLEAR SLING CARRIER - MEDIUM,4,
PS704,CLEAR SLING CARRIER - SMALL,0,
PS705,CUSHION OVAL PET BED - L,0,
PS706,CUSHION OVAL PET BED - M,-2,
PS707,CUSHION OVAL PET BED - S,0,
PS708,DOG FLAT BED - L,0,
PS709,DOG FLAT BED - M,0,
PS710,DOG FLAT BED - S,0,
PS711,DOG FLAT BED - XL,0,
PS712,DONUT PET BED - L,0,
PS713,DONUT PET BED - M,1,
PS714,DONUT PET BED - S,1,
PS715,FOLDED HANDBAG PET CARRIER WITH MESH SIDE,0,
PS716,FRONT CARRIER BAG - L,1,
PS717,FRONT CARRIER BAG - M,0,
PS718,FRONT CARRIER BAG - S,0,
PS719,FRONT CARRIER BAG - XL,0,
PS720,HALF HOUSE PET BED - L,1,
PS721,HALF HOUSE PET BED - M,0,
PS722,HALF HOUSE PET BED - S,0,
PS723,HD LOCAL COLLAPSIBLE CAGE - 2XL,0,
PS724,HD LOCAL COLLAPSIBLE CAGE - 3XL,0,
PS725,HD LOCAL COLLAPSIBLE CAGE - L,0,
PS726,HD LOCAL COLLAPSIBLE CAGE - M,1,
PS727,HD LOCAL COLLAPSIBLE CAGE - XL,-1,
PS728,LIGHTWEIGHT PET TRAVEL BACKPACK,1,
PS729,LOCAL PLAYPEN 6 PANELS - SMALL,6,
PS730,LOCAL PLAYPEN 8 PANELS - MEDIUM,3,
PS731,PAWSMART COLLAPSIBLE CAGE - 3XL,0,
PS732,PET BAG BACKPACK ALL SEASONS ,7,
PS733,PET BAG BACKPACK OXFORD CLOTH,-7,
PS734,PET BAG CAT EAR CLEAR SPACE CARRIER 34*10*28CM,2,
PS735,PET BAG LEATHER BACKPACK CAPSULE WITH CARTOON STICKERS,2,
PS736,PET BAG PORTABLE HAND HELD SHOULDER BREATHABLE,0,
PS737,PET BAG PORTABLE HAND-HELD SHOULDER BAG EVA+PC,1,
PS738,PET BED BIG EYES SOFA  60X50X29CM,2,
PS739,PET BED HOUSE CAT FACE ,0,
PS740,PET BED MAT SUMMER BACK NEST OBLONG 65X50CM,2,
PS741,PET BED MAT SUMMER RECTANGULAR PRINTED LARGE 68X52CM,8,
PS742,PET BED MOON VELVET RABBIT EAR SPONGE NEST 50X40X27CM,1,
PS743,PET BED SAKURA BECKREST NEST RATTAN MAT COOLING 65X65CM,-1,
PS744,PET BED UNIVERSAL LARGE 70X55CM,7,
PS745,PET BED WOOVEN TRIANGULAR HAT SPONGE NEST 47X41X25CM,1,
PS746,PET CARRIER ASTRO BACKPACK CLEAR WINDOW 42X34X27CM,3,
PS747,PET CARRIER GLOSSY PLASTIC TRANSPARENT SLING HANDBAG,6,
PS748,PET CARRIER SHOULDER BAG SLING - LARGE,0,
PS749,PET CARRIER SHOULDER BAG SLING - SMALL,0,
PS750,PET CARRIER SLING BAG MESH,1,
PS751,PET COOLING PAD -LARGE,4,
PS752,PET COOLING PAD -MEDIUM,1,
PS753,PET COOLING PAD -SMALL ,0,
PS754,PET STROLLER DETACHABLE 20KG CAP 57X32CM,0,
PS755,PET TENT HOUSE FOLDABLE 70X55X45CM,0,
PS756,PET TENT HOUSE FOLDING FENCE OCTAGONAL - LARGE 114*114*60CM,0,
PS757,POOP TRAY,0,
PS758,PUPPY POTTY TRAINING PAD - FULL SIZE,3,
PS759,PUPPY POTTY TRAINING PAD -SMALL,3,
PS760,RECTANGULAR FLUFFY PET BED - L,0,
PS761,RECTANGULAR FLUFFY PET BED - M,0,
PS762,RECTANGULAR FLUFFY PET BED - XL,2,
PS763,RECTANGULAR PET BED - XL,2,
PS764,ROUND PET BED - XL,1,
PS765,TRAVEL CRATES  - S,1,
PS766,TRAVEL CRATES - 2XL,1,
PS767,TRAVEL CRATES - 3XL,0,
PS768,TRAVEL CRATES - L,0,
PS769,TRAVEL CRATES - M,4,
PS770,TRAVEL CRATES - XL,1,
PS771,TRAVEL CRATES - XS,5,
PS772,BINI SANDO- PET CLOTHES ALL SIZES,5,
PS773,CAMOUFLAGE ALL SIZE,3,
PS774,DENIM DRESS LACE S/M,1,
PS775,GREEN HOODIE JACKET PET CLOTHES,1,
PS776,HOODIE CUSTOME WITH EARS S/M/L,5,
PS777,JERSEY-LARGE,1,
PS778,JERSEY-MEDIUM,-2,
PS779,JERSEY-SMALL ,-1,
PS780,JERSEY-XL,-2,
PS781,PET BATH TOWEL WITH HOOD,4,
PS782,PET BATH TOWELL QUICK DRY ,0,
PS783,PET CLOTHES 3D DUCK FACE SANDO XS/S/M/L,1,
PS784,PET CLOTHES BLUE BEAR XS/S/M/L ,6,
PS785,PET CLOTHES BLUE COTTON WITH BEAR BAG XS/S/M/L,-3,
PS786,PET CLOTHES BLUE FLORAL LAPEL DOTS S/M/L,4,
PS787,PET CLOTHES BUNNY FLORAL DRESS XS/S/M/L,1,
PS788,PET CLOTHES CUTE STRIPED BOW TIE THIN SWEATER,0,
PS789,PET CLOTHES FAIRY DRESS 2 BUTTONS-BOWKNOT S/M/L,-3,
PS790,PET CLOTHES FLORAL DRESS XS/S/M/L,3,
PS791,PET CLOTHES FRUITY LEMON LACE DRESS XS/S/M/L,2,
PS792,PET CLOTHES KNIT VEST SEE THROUGH BABY XS/S/M/L,5,
PS793,PET CLOTHES RAINBOW STRIPES   3D CLOUDS S/M/L,9,
PS794,"PET CLOTHES RED WITH BAG  ""BEST FRIEND"" XS/S/M/L",0,
PS795,PET CLOTHES SPACE BUNNY- BLUE BUNNY XS/S/M/L ,0,
PS796,PET CLOTHES STRAWBERRY BOW S/M/L,0,
PS797,PET CLOTHES TWO PIECE THIN SUNDRESS BLUE AND YELLOW,3,
PS798,PET CLOTHES WITH CROSS BAG S/M/L,0,
PS799,PET CLOTHES YELLOW MOUSE XS/S/M/L,0,
PS800,PET CLOTHES YELLOW STRIPE FLEECE POCHACCO,1,
PS801,PET CLOTHES YELLOW SUNFLOWER  XS/S/M/L ,-2,
PS802,PET CLOTHING BLUE WHALE X/XS/M/L,0,
PS803,PET COSTPLAY BUTTERFLY BALLOON WINGS,2,
PS804,PET CROCODILE SHAPE SOFT SOLED SHOES S/M/L,-2,
PS805,PET ENGLISH PRINTING BIG DOG BREATHABLE SHOES S/M/L,12,
PS806,PET HAT BUNNY,0,
PS807,PET HEAD SCARF ,0,
PS808,PET PHYSIOLOGICAL PANTS BRIEF XS/S/M/L/XL,2,
PS809,PET RECOVERY SUIT M/S,0,
PS810,PET SANDO - FRUITS PRINT -LARGE,3,
PS811,PET SANDO - FRUITS PRINT -MEDIUM,-2,
PS812,PET SANDO - FRUITS PRINT -SMALL,0,
PS813,PET SANDO - FRUITS PRINT -XL,1,
PS814,PET SANDO -PRINTED SEE THROUGH -LARGE,-1,
PS815,PET SANDO -PRINTED SEE THROUGH -MEDIUM,0,
PS816,PET SANDO -PRINTED SEE THROUGH -SMALL,0,
PS817,PET SANDO -PRINTED SEE THROUGH -XTRA LARGE,3,
PS818,PET SHOE HEELOKITTY FULL PRINT SOFT SOLE S/M/L,12,
PS819,PINK DRESS LACE WITH RIBBON FEMALE CLOTHES - SMALL,1,
PS820,PINK DRESS LACE WITH RIBBON FEMALE CLOTHES- LARGE ,0,
PS821,POCHACCO AMERICAN DOG TSHIRT PET CLOTHES,0,
PS822,POLICE BLACK SANDO L,0,
PS823,POLICE BLACK SANDO S/M,3,
PS824,POLICE BLACK SANDO XL,0,
PS825,PRINTED SANDO S/M/L ,1,
PS826,STRIPE DRESS FEMALE CLOTHES S/M/L,2,
PS827,SUN FLOWER SWEATER SKIRT PET CLOTHES,5,
PS828,ADJUSTABLE COLLAR 1.5CM,0,
PS829,ADJUSTABLE COLLAR 1CM,0,
PS830,ADJUSTABLE COLLAR 2CM,0,
PS831,ADJUSTABLE PRINTED COLLAR 1.5CM,0,
PS832,ADJUSTABLE PRINTED COLLAR 1CM,0,
PS833,ASSORTED SMALL COLLAR WITH BELL,72,
PS834,BELT COLLAR WITH FOAM L,0,
PS835,BELT COLLAR WITH FOAM M,0,
PS836,BELT COLLAR WITH FOAM S,-1,
PS837,BELT COLLAR WITH FOAM XS,0,
PS838,BROWN LEATHER COLLAR - LARGE,0,
PS839,BROWN LEATHER COLLAR - MEDIUM,0,
PS840,BROWN LEATHER COLLAR -SMALL,0,
PS841,CHAIN NECKLACE PET COLLAR ,0,
PS842,CHECKERED RIBBON COLLAR,0,
PS843,DENIM COLLAR - MEDIUM,0,
PS844,DENIM COLLAR - SMALL,0,
PS845,FISH DESIGN COLLAR,4,
PS846,GLITTERED COLLAR,0,
PS847,HANDMADE REGULAR COLLAR - M,4,
PS848,HANDMADE REGULAR COLLAR - S,5,
PS849,HD BELT COLLAR - LARGE,8,
PS850,HD BELT COLLAR - MEDIUM,4,
PS851,HD COLLAR WITH BELL - L,1,
PS852,HD COLLAR WITH BELL - M,-2,
PS853,HD COLLAR WITH BELL - S,2,
PS854,HD COLLAR WITH BELL - XL,0,
PS855,HD COLLAR WITH BELL - XS,0,
PS856,HD HANDMADE DOG COLLAR - L,4,
PS857,HD HANDMADE DOG COLLAR - M,12,
PS858,HD HANDMADE DOG COLLAR - S,8,
PS859,HD HANDMADE DOG COLLAR - XL,10,
PS860,HD HANDMADE DOG COLLAR GARISON,11,
PS861,HD RECTANGULAR COLLAR L,0,
PS862,HD RECTANGULAR COLLAR M,0,
PS863,HD RECTANGULAR COLLAR S,0,
PS864,HD RECTANGULAR COLLAR XS,0,
PS865,JAPANESE STYLE PET COLLAR,-7,
PS866,LEATHER COLLAR WITH STUDS LARGE,2,
PS867,LEATHER COLLAR WITH STUDS MEDIUM,4,
PS868,LEATHER COLLAR WITH STUDS SMALL,0,
PS869,NECK RECOVERY PROTECTION COLLAR - SUNFLOWER SHAPE ADJUSTABLE,0,
PS870,PET COLLAR WOVEN ROPE WITH BELL  26-30CM,9,
PS871,POLICE DOG ARMY GREEN COLLAR - MEDIUM,9,
PS872,POLICE DOG ARMY GREEN COLLAR - SMALL,10,
PS873,REFLECTIVE COLLAR - LARGE,1,
PS874,REFLECTIVE COLLAR - MEDIUM,-4,
PS875,BLUE PEE PAD MEDIUM 5PCS PACK,-18,
PS876,BLUE PEE PAD XL 1PC ,-55,
PS877,BLUE PEE PADS S/M/L/XL 1PACK,11,
PS878,DIAPER - LARGE,-1,
PS879,DIAPER - MEDIUM,0,
PS880,DIAPER - SMALL,0,
PS881,LOCAL PEE PAD S/M/L 1PACK,28,
PS882,1 WATER & 2 TILTED BOWL FEEDER #02,0,
PS883,2 IN 1 AUTOMATIC PET FEEDER (L -TYPE),-1,
PS884,2 IN 1 CAT FACE DESIGN BOWL,-4,
PS885,2 in 1 AUTOMATIC PET FEEDER STAINLESS BOWL,3,
PS886,2-IN-1 CAT FEEDER,4,
PS887,3 IN 1 AUTOMATIC FEEDER - CAT FACED BOWL ,1,
PS888,3 IN 1 AUTOMATIC PET FEEDER PLASTIC BOWL,1,
PS889,ACRYLIC TRAVEL DRINKING BOTTLE  (MEDIUM),3,
PS890,ACRYLIC TRAVEL DRINKING BOTTLE  (SMALL),0,
PS891,AUTOMATIC CLOUD SET WATER AND FOOD 1800L AND 2200G,4,
PS892,AUTOMATIC FOOD DISPENSER 3.8L  WATER/FOOD UNIT,4,
PS893,AUTOMATIC HANGING WATER AND FOOD SET ,2,
PS894,AUTOMATIC WATER AND FOOD DISPENSER SET 3.8L ,0,
PS895,AUTOMATIC WATER AND FOOD MACHINE ,0,
PS896,BARREL AUTOMATIC FOOD ,1,
PS897,BARREL AUTOMATIC WATER,-1,
PS898,BONE SHAPED BOWL,0,
PS899,CAGE HANGING BOWL WITH STAINLESS MEDIUM,0,
PS900,CAGE HANGING BOWL WITH STAINLESS SMALL,0,
PS901,CAT WHISKERS SLOW FEEDING BOWL,1,
PS902,COLLAPSIBLE BOWL PORTABLE FEEDER,12,
PS903,COLLAPSIBLE FOOD SCOOPER,-2,
PS904,COLORED STAINLESS BOWL 2XL (30CM),0,
PS905,COLORED STAINLESS BOWL 3XL (34CM),0,
PS906,COLORED STAINLESS BOWL 4XL (38CM),0,
PS907,COLORED STAINLESS BOWL L (22CM),0,
PS908,COLORED STAINLESS BOWL M (18CM),0,
PS909,COLORED STAINLESS BOWL S (16CM),0,
PS910,COLORED STAINLESS BOWL XL (26CM),0,
PS911,DOUBLE BOWL SLOW FEEDER,1,
PS912,DOUBLE BOWL WITH LID W/ BOTTLE,-3,
PS913,DOUBLE BOWL WITH LID W/O BOTTLE,0,
PS914,DOUBLE ELEVATED CAT BOWL,1,
PS915,DOUBLE FEEDER WITH BOTTLE - 2IN1 BOWL ,5,
PS916,DOUBLE FEEDER WITH STAINLESS AND BOTTLE,-1,
PS917,DOUBLE STAINLESS FEEDER BOWL - DOG PRINT,0,
PS918,DUAL PURPOSE FEEDER BOWL,21,
PS919,DUAL TRAVEL BOTTLE -WATER AND FOOD,0,
PS920,DURABLE FOOD FEEDER 650ML,4,
PS921,EMBOSSED STAINLESS BOWL 2XL (30CM),0,
PS922,EMBOSSED STAINLESS BOWL L (22CM),-1,
PS923,EMBOSSED STAINLESS BOWL M (18CM),-2,
PS924,EMBOSSED STAINLESS BOWL S (16CM),0,
PS925,EMBOSSED STAINLESS BOWL XL (26CM),-1,
PS926,FLOWER SHAPED BOWL W/ STAINLESS MEDIUM,2,
PS927,FLOWER SHAPED BOWL W/ STAINLESS SMALL,0,
PS928,FOOD SCOOPER,10,
PS929,FOOD SCOOPER WITH CLIPPER HANDLE,0,
PS930,FOUR LEG BOWL STAINLESS STEEL ,6,
PS931,HAMSTER DRINKING NOZZLE (SMALL),4,
PS932,HANGING PET BOTTLE FEEDER 300ML,1,
PS933,MEDICINE SYRINGE- FEEDING KIT,24,
PS934,MULTI FEEDER FLOWER SHAPED BOWL 6 IN 1,0,
PS935,NURSING BOTTLE HATELI BRAND 120ML,6,
PS936,NURSING BOTTLE ORDINARY - 120ML,0,
PS937,NURSING BOTTLE SET - 120ML,25,
PS938,NURSING BOTTLE SET - 50ML,-5,
PS939,NURSING BOTTLE SET PETALONG BRAND - 150ML,34,
PS940,ORDINARY PLASTIC BOWL LARGE,7,
PS941,ORDINARY PLASTIC BOWL SMALL,0,
PS942,PET BOWL ALL-IN-ONE WATER AND FOOD DISPENSER,0,
PS943,PET BOWL DOUBLE STAINLESS CAT EARS SPACE ,11,
PS944,PET BOWL DOUBLE STAINLESS FROG FACE ,14,
PS945,PET BOWL DUCK FACE STYLE 2 IN 1,0,
PS946,PET BOWL HANGING 2-1 WITH STAINLESS EAD2003SPDL,0,
PS947,PET BOWL STAINLESS STEEL SLOPE DOUBLE BOWL,0,
PS948,PET BOWL WITH AUTOMATIC FOUNTAIN DRINKING WATER,0,
PS949,PET DRINK BOTTLE,-3,
PS950,PET DRINKING HANGING BOTTLE ,-3,
PS951,PET SILICONE MILK FEEDER,1,
PS952,PET SMART WATER DISPENSER FOUNTAIN,0,
PS953,PET WATER DISPENSER KS-800,0,
PS954,PLAIN STAINLESS BOWL 2XL (30CM),-5,
PS955,PLAIN STAINLESS BOWL 3XL (34CM),12,
PS956,PLAIN STAINLESS BOWL L (22CM),17,
PS957,PLAIN STAINLESS BOWL M (18CM),3,
PS958,PLAIN STAINLESS BOWL S (16CM),-11,
PS959,PLAIN STAINLESS BOWL XL (26CM),1,
PS960,PLASTIC CAT SHAPED BOWL,-3,
PS961,PLASTIC FLAT BOWL,1,
PS962,PLASTIC PORTABLE DRINKER,3,
PS963,PLASTIC ROUND BOWL LARGE,0,
PS964,PLASTIC ROUND BOWL MEDIUM,0,
PS965,PLASTIC ROUND BOWL SMALL,0,
PS966,PORTABLE FOOD AND DRINK BOTTLE 2IN1 ,2,
PS967,PORTABLE WATER FEEDER 350ML,-1,
PS968,PRINTED DOUBLE BOWL W/ STAINLESS - MEDIUM,0,
PS969,PRINTED DOUBLE BOWL W/ STAINLESS - SMALL,0,
PS970,PUPPY SAUCER SLOW FEEDER STAINLESS BOWL #26,0,
PS971,PUPPY SAUCER SLOW FEEDER STAINLESS BOWL #30,0,
PS972,PUZZLE FEEDER - FLOWER,0,
PS973,PUZZLE FEEDER - PAW,0,
PS974,PUZZLE FEEDER - ROUND,0,
PS975,ROUND SLOW FEEDER SMALL,0,
PS976,SILICONE PET LICK MAT PAD - SLOW FEEDER,1,
PS977,SINGLE CAT ELEVATED BOWL,0,
PS978,SINGLE WATER NOZZLE,25,
PS979,SLOW FEEDING BOWL,2,
PS980,SMALL PETS FOOD DISPENSER CLEAR ,2,
PS981,SQUEEZE TRAVEL DRINKING BOTTLE  (MEDIUM),10,
PS982,SQUEEZE TRAVEL DRINKING BOTTLE  (SMALL),7,
PS983,STRIPE STAINLESS BOWL (18CM),0,
PS984,STRIPE STAINLESS BOWL (22CM),0,
PS985,TAIL UP-TRAINING TREAT POUCH,6,
PS986,TILTED CAT BOWL WITH BOTTLE ,-3,
PS987,TRANSLUCENT PLASTIC BOWL - LARGE,2,
PS988,TRANSLUCENT PLASTIC BOWL - MEDIUM,5,
PS989,TRANSLUCENT PLASTIC BOWL - SMALL,0,
PS990,WATER DISPENSER BOWL,0,
PS991,WAVY PLASTIC DOUBLE BOWL - LARGE,8,
PS992,WAVY PLASTIC DOUBLE BOWL - MEDIUM,1,
PS993,WAVY PLASTIC DOUBLE BOWL - SMALL,0,
PS994,BOLT ADULT CAT HALF KILO REPACK,0,
PS995,2 TOOTHBRUSH,0,
PS996,AUTOMATIC PET NAIL TRIMMER,-2,
PS997,BATHBAG GROOMING NET,3,
PS998,BIOLINE DENTAL CARE KIT,1,
PS999,BIOLINE TOOTHPASTE 100G ,42,
PS1000,CAT MASSAGE COMB - MEDIUM,12,
PS1001,CAT MASSAGE COMB - SMALL,0,
PS1002,COMB WITH HANDLE PLASTIC (DOUBLE),-3,
PS1003,COMB WITH HANDLE PLASTIC (SINGLE),1,
PS1004,CURVED SLICKER BRUSH - LARGE,2,
PS1005,CURVED SLICKER BRUSH - MEDIUM,6,
PS1006,CURVED SLICKER BRUSH - SMALL,1,
PS1007,DEMATTING COMB - MEDIUM,9,
PS1008,DEMATTING COMB -SMALL,7,
PS1009,DESHEDING PLASTIC COMB ,2,
PS1010,DOUBLE PET TOOTHBRUSH,0,
PS1011,DUCK PET MUZZLE - L,1,
PS1012,DUCK PET MUZZLE - M,0,
PS1013,DUCK PET MUZZLE - S,5,
PS1014,E-COLLAR #1,5,
PS1015,E-COLLAR #1+,0,
PS1016,E-COLLAR #2,4,
PS1017,E-COLLAR #2+,2,
PS1018,E-COLLAR #3,5,
PS1019,E-COLLAR #4,6,
PS1020,E-COLLAR #5,2,
PS1021,E-COLLAR #6,0,
PS1022,E-COLLAR #7,2,
PS1023,E-COLLAR #8,0,
PS1024,E-COLLAR #9,0,
PS1025,FUR LINT REMOVER,0,
PS1026,FUR LINT REMOVER (REFILL ONLY),0,
PS1027,FURMINATOR - CAT (SHORT HAIR),1,
PS1028,FURMINATOR - DOG (LONG HAIR),0,
PS1029,FURMINATOR - DOG (SHORT HAIR),1,
PS1030,GROOMING GLOVES,3,
PS1031,HAIR REMOVAL BRUSH - MEDIUM,1,
PS1032,HAIR REMOVAL BRUSH - SMALL,-2,
PS1033,LINT ROLLER PET HAIR REMOVER,1,
PS1034,NAIL CLIPPER PLASTIC - R SHAPE,2,
PS1035,NAIL CLIPPER SINGLE - SMALL,1,
PS1036,NAIL CLIPPER WITH FILE - BIG,33,
PS1037,NAIL CLIPPER WITH FILE - SMALL,10,
PS1038,OVAL SHEDDING COMB BRUSH,-1,
PS1039,PAKEWAY T9 PET NEEDLE COMB PAE-GR-A007,10,
PS1040,PET BATH BRUSH,1,
PS1041,PET BATH SCRUBBER,5,
PS1042,PET BLOWER ,0,
PS1043,PET CARE SET (WITH PLASTIC BOX PACKAGING),0,
PS1044,PET COMB - FLEA REMOVAL BRUSH (FADED COMB),3,
PS1045,PET COMB BATH AND HAIRDRESSING BOTH SIDES COMB,11,
PS1046,PET COMB HATELI 360 DEGREE PET NEEDLE COMB,-5,
PS1047,PET COMB SOFT HANDED SELF CLEANING WIRE BRUSH RECTANGULAR,-1,
PS1048,PET COMB SQUARE HAIR REMOVAL COMB,9,
PS1049,PET COTTON BUDS,0,
PS1050,PET DONO WIPES,0,
PS1051,PET EAR WIPES,0,
PS1052,PET EYE WIPES,0,
PS1053,PET FOOT CLEANSING FOAM,0,
PS1054,PET GROOMING BRUSH - MEDIUM,-3,
PS1055,PET GROOMING BRUSH - SMALL,-8,
PS1056,PET GROOMING ELECTRIC HAIR RAZOR ,0,
PS1057,PET GROOMING HAIR CLIPPER,4,
PS1058,PET HYGIENE SET WITH CHEW TOY,-5,
PS1059,PET POOP PLASTIC DISPENSER,11,
PS1060,PET RAZOR ELECTRIC CLIPPER 8PCS SET,0,
PS1061,PET RUBBER BATH GLOVES LONG,1,
PS1062,PET SOFT FINGER BRUSH,-2,
PS1063,PET TOOTHBRUSH SET,1,
PS1064,PET TOWEL CHAMOIS - M,0,
PS1065,PET TOWEL CHAMOIS - S,0,
PS1066,PET WET WIPES,1,
PS1067,PLASTIC DOG MUZZLE #1,2,
PS1068,PLASTIC DOG MUZZLE #2,-1,
PS1069,PLASTIC DOG MUZZLE #3,0,
PS1070,PLASTIC DOG MUZZLE #4,0,
PS1071,PLASTIC DOG MUZZLE #5,0,
PS1072,PLASTIC DOG MUZZLE #6,1,
PS1073,PLASTIC DOG MUZZLE #7,0,
PS1074,POOP BAG,17,
PS1075,PS92 PET GROOMING DRYER,2,
PS1076,QUICK CLEAN PET BRUSH,0,
PS1077,RAINBOW COLORFUL DETANGLING BRUSH (OVAL),9,
PS1078,RAINBOW COLORFUL DETANGLING DOUBLE BRUSH,8,
PS1079,RUBBER PALM SCRUB,6,
PS1080,RUNBEIER PET WIPES 80S,0,
PS1081,SCISSOR POOP SCOOPER,2,
PS1082,SELF CLEANING BRUSH,4,
PS1083,SELF CLEANING ROUNDED PET BRUSH - LARGE,14,
PS1084,SELF CLEANING ROUNDED PET BRUSH - SMALL,-1,
PS1085,SILICONE MASSAGE BATH BRUSH 2 IN 1 ,18,
PS1086,SLICKER BRUSH WITH MINI COMB - MEDIUM,3,
PS1087,SLICKER BRUSH WITH MINI COMB - SMALL,2,
PS1088,SOAP DISPENSING BRUSH,0,
PS1089,SOFT GROOMING PET BRUSH (ROUND),1,
PS1090,SOFT GROOMING PET BRUSH (SQUARE) - MEDIUM,-1,
PS1091,SOFT GROOMING PET BRUSH (SQUARE) - SMALL,11,
PS1092,STAINLESS COMB RUBBER  - M,0,
PS1093,STAINLESS COMB RUBBER  - S,3,
PS1094,STEEL COMB - MEDIUM,-2,
PS1095,STEEL COMB - SMALL,-3,
PS1096,TICK AND FLEA COMB-1,5,
PS1097,TICK AND FLEA COMB-2,0,
PS1098,TICK REMOVER PICK,4,
PS1099,TOOTHBRUSH WITH FINGER BRUSH,0,
PS1100,WASHABLE FUR LINT REMOVER,1,
PS1101,YINGTE PET TOOTHPASTE 75G,0,
PS1102,ACTION ULTRA DISENFECTANT CLEANING SPRAY ,8,
PS1103,DERMOVET SOAP 90G,15,
PS1104,DOGGO SHAMPOO 250ML,0,
PS1105,DOGGOSHAMPOO 500ML,1,
PS1106,NURTURE - ALL PURPOSE CLEANSING WIPES 15+5 SHEETS ,9,
PS1107,NURTURE - ALL PURPOSE CLEANSING WIPES 80+10 SHEETS ,0,
PS1108,PET FOOT CLEANING CUP PORTABLE WASHER BRUSH,2,
PS1109,PET PAW CLEANING FOAM 150ML,2,
PS1110,PET SOLUTION BRAND-MADRE DE CACAO OCEAN FRESH 330ML REPACK SHAMPOO,0,
PS1111,PET WIPES -PET CARE ZOOM 80 SERIES ,6,
PS1112,PETPERS PET WIPES 50 SHEETS,0,
PS1113,ST. ROCHE DOG DRY SHAMPOO 128G,15,
PS1114,WIGGLE WAGGLE 250ML - CALMING BREEZE LAVENDER,0,
PS1115,WIGGLE WAGGLE 250ML - MISTY BUBBLES BUBBLEGUM,1,
PS1116,WIGGLE WAGGLE MDC 500ML - CUCUMBER MELON,9,
PS1117,WIGGLE WAGGLE MDC 500ML - FRESH BERRIES,7,
PS1118,ABSTRACT LEASH WITH HARNESS - L,0,
PS1119,ABSTRACT LEASH WITH HARNESS - M,0,
PS1120,ABSTRACT LEASH WITH HARNESS - S,2,
PS1121,CAMOUFLAGE LEASH WITH HARNESS - L,0,
PS1122,CAMOUFLAGE LEASH WITH HARNESS - M,0,
PS1123,CAMOUFLAGE LEASH WITH HARNESS - S,0,
PS1124,CAMOUFLAGE LEASH WITH HARNESS - XL,0,
PS1125,CAT HARNESS,5,
PS1126,CAT HARNESS COLORFUL - PATTERNED,0,
PS1127,DENIM LEASH WITH HARNESS - LARGE,11,
PS1128,DENIM LEASH WITH HARNESS - M,0,
PS1129,DENIM LEASH WITH HARNESS - MEDIUM,6,
PS1130,DENIM LEASH WITH HARNESS - S,0,
PS1131,DENIM LEASH WITH HARNESS - SMALL,4,
PS1132,DIAMOND BRAIDED LEASH WITH HARNESS - L,-1,
PS1133,DIAMOND BRAIDED LEASH WITH HARNESS - M,0,
PS1134,DIAMOND BRAIDED LEASH WITH HARNESS - S,-1,
PS1135,DOG CHAIN - LARGE,-1,
PS1136,DOG CHAIN - MEDIUM,-6,
PS1137,DOG CHAIN - SMALL,0,
PS1138,DOG CHAIN CHECKERED - MEDIUM,6,
PS1139,DOG CHAIN GREEN - MEDIUM,0,
PS1140,DOG CHAIN GREEN MED ,-5,
PS1141,DOG CHAIN RED XS,-1,
PS1142,DOG CHAIN- XTRA LARGE,-1,
PS1143,DOG PADDED HARNESS VEST - L,0,
PS1144,DOG PADDED HARNESS VEST - M,0,
PS1145,DOG PADDED HARNESS VEST - S,1,
PS1146,DOG PADDED HARNESS VEST - XL,-1,
PS1147,DOG TRAINING LEASH - L,-1,
PS1148,DOG TRAINING LEASH - M,0,
PS1149,DOG TRAINING LEASH - S,1,
PS1150,ELASTIC ANTI-CHOKE LEASH WITH HARNESS - LARGE,0,
PS1151,ELASTIC ANTI-CHOKE LEASH WITH HARNESS - MEDIUM,0,
PS1152,ELASTIC ANTI-CHOKE LEASH WITH HARNESS - SMALL,0,
PS1153,GOLDEN PANDA RAINBOW CHAIN LEASH 2.5MM,0,
PS1154,GOLDEN PANDA RAINBOW CHAIN LEASH 3.0 MM,0,
PS1155,GOLDEN PANDA RAINBOW CHAIN LEASH 4.0MM,0,
PS1156,HAMBURGER/ FRIES BACKPACK LEASH ,2,
PS1157,HANDMADE HD TRAINING LEASH- LARGE,0,
PS1158,HANDMADE HD TRAINING LEASH- MEDIUM,0,
PS1159,HANDMADE HD TRAINING LEASH- SMALL,4,
PS1160,HD HANDMADE 2-IN-1 LEASH WITH BODY - LARGE,1,
PS1161,HD HANDMADE 2-IN-1 LEASH WITH BODY - MEDIUM,1,
PS1162,HD HANDMADE BODY HARNESS - L,1,
PS1163,HD HANDMADE BODY HARNESS - M,2,
PS1164,HD HANDMADE BODY HARNESS - S,1,
PS1165,HD HANDMADE BRAIDED LEASH WITH COLLAR,0,
PS1166,HD HANDMADE CHAIN WITH HANDLE - L,16,
PS1167,HD HANDMADE CHAIN WITH HANDLE - M,17,
PS1168,HD HANDMADE CHAIN WITH HANDLE - S,8,
PS1169,HD HANDMADE CORD SINGLE LEASH -BIG,1,
PS1170,HD HANDMADE CORD SINGLE LEASH -S,9,
PS1171,HD HANDMADE CORD SINGLE LEASH -XS,6,
PS1172,HD HANDMADE HANDLE LEASH,5,
PS1173,HD HANDMADE LEASH WITH BODY HARNESS - L,11,
PS1174,HD HANDMADE LEASH WITH BODY HARNESS - M,14,
PS1175,HD HANDMADE LEASH WITH BODY HARNESS - S,1,
PS1176,HD HANDMADE LEASH WITH BODY HARNESS - XL,0,
PS1177,HD HANDMADE LEASH WITH BODY HARNESS - XS,3,
PS1178,HD HANDMADE LEASH WITH COLLAR - L,6,
PS1179,HD HANDMADE LEASH WITH COLLAR - M,-1,
PS1180,HD HANDMADE LEASH WITH COLLAR - S,6,
PS1181,HD HANDMADE LEASH WITH COLLAR - XL,6,
PS1182,HD HANDMADE LEASH WITH COLLAR - XS,3,
PS1183,HD HANDMADE LEASH WITH HARNESS COLORFUL MEDIUM ,6,
PS1184,HD HANDMADE TWISTED CORD LEASH - LONG,0,
PS1185,HD HANDMADE TWISTED CORD LEASH - XS,3,
PS1186,HD LONG CHAIN,12,
PS1187,HD POLYESTER WITH ADJUSTABLE COLLAR - MEDIUM,-1,
PS1188,HD POLYESTER WITH ADJUSTABLE COLLAR - SMALL,0,
PS1189,HD TRAINING LEASH,0,
PS1190,HEAVY DUTY LEASH STRIPES - L,0,
PS1191,HEAVY DUTY LEASH STRIPES - M,0,
PS1192,HEAVY DUTY LEASH STRIPES - S,0,
PS1193,HEAVY DUTY LEASH STRIPES - XL,0,
PS1194,HEAVY DUTY LEASH WITH FOAM HANDLE,0,
PS1195,LEATHER BRAIDED LEASH WITH SPRING,0,
PS1196,MACARON OMBRE HARNESS WITH LEASH - M,2,
PS1197,MACARON OMBRE HARNESS WITH LEASH - S,-1,
PS1198,NATIVE NEON LEASH L,2,
PS1199,NATIVE NEON LEASH M,4,
PS1200,NATIVE NEON LEASH S,8,
PS1201,NYLON LEASH WITH HARNESS - L,5,
PS1202,NYLON LEASH WITH HARNESS - M,2,
PS1203,NYLON LEASH WITH HARNESS - S,3,
PS1204,NYLON SLIP LEAD TRAINING LEASH - L,0,
PS1205,NYLON SLIP LEAD TRAINING LEASH - M,9,
PS1206,OMBRE HARNESS FLAT LEASH - M,4,
PS1207,OMBRE HARNESS FLAT LEASH - S,0,
PS1208,PASTEL CHECKERED LEASH - L,0,
PS1209,PASTEL CHECKERED LEASH - M,1,
PS1210,PASTEL CHECKERED LEASH - S,0,
PS1211,PASTEL CHECKERED LEASH - XL,0,
PS1212,PASTEL CHECKERED LEASH WITH HARNESS - L,6,
PS1213,PASTEL CHECKERED LEASH WITH HARNESS - M,0,
PS1214,PASTEL CHECKERED LEASH WITH HARNESS - S,0,
PS1215,PASTEL CHECKERED LEASH WITH HARNESS - XL,0,
PS1216,PASTEL LEASH - L,0,
PS1217,PASTEL LEASH - M,0,
PS1218,PASTEL LEASH - S,0,
PS1219,PASTEL LEASH - XL,0,
PS1220,PET CAR SEAT BELT,1,
PS1221,PET CLOTHING BEAR VEST WITH LEASH,0,
PS1222,PLAIN COLORED LEASH WITH COLLAR (FOAM HANDLE) - LARGE,1,
PS1223,PLAIN COLORED LEASH WITH COLLAR (FOAM HANDLE) - MEDIUM,-2,
PS1224,PLAIN COLORED LEASH WITH COLLAR (FOAM HANDLE) - SMALL,0,
PS1225,PLAIN MEDIUM VEST WITH LEASH,0,
PS1226,PLAIN MESH VEST - L,2,
PS1227,PLAIN MESH VEST - M,0,
PS1228,PLAIN MESH VEST - S,1,
PS1229,PLAIN MESH VEST - XL,7,
PS1230,PLAIN SMALL VEST WITH LEASH ,0,
PS1231,PRINTED LEASH WITH HARNESS (FOAM HANDLE) - MEDIUM,-1,
PS1232,PRINTED LEASH WITH HARNESS (FOAM HANDLE) - SMALL,-2,
PS1233,PRINTED REGULAR LEASH WITH HARNESS - M,1,
PS1234,PRINTED REGULAR LEASH WITH HARNESS - S,5,
PS1235,RAINBOW LEASH HARNESS,0,
PS1236,REFLECTIVE PADDED HARNESS VEST - L,2,
PS1237,REFLECTIVE PADDED HARNESS VEST - M,0,
PS1238,REFLECTIVE PADDED HARNESS VEST - S,0,
PS1239,REFLECTIVE PADDED HARNESS VEST - XL,3,
PS1240,REFLECTIVE PADDED MESH VEST - L,-1,
PS1241,REFLECTIVE PADDED MESH VEST - M,-1,
PS1242,REFLECTIVE PADDED MESH VEST - S,3,
PS1243,REFLECTORIZED LEASH WITH HARNESS - L,0,
PS1244,REFLECTORIZED LEASH WITH HARNESS - M,0,
PS1245,REFLECTORIZED LEASH WITH HARNESS - S,-1,
PS1246,RELFECTIVE DIAMOND LEASH WITH HARNESS,0,
PS1247,RETRACTABLE LEASH 3M,2,
PS1248,RETRACTABLE LEASH 5M,0,
PS1249,ROPE LEASH  - L,3,
PS1250,ROPE LEASH - M,0,
PS1251,ROPE LEASH - S,3,
PS1252,RUBBER COATED STEEL PET LEASH 3M,0,
PS1253,RUBBER COATED STEEL PET LEASH 5M,0,
PS1254,RUFFLES LEASH WITH COLLAR - M,1,
PS1255,RUFFLES LEASH WITH COLLAR - S,5,
PS1256,SMALL COLLAR NYLON WITH ACCESSORIES,58,
PS1257,APPETITE BOOSTER - BEEF WITH MORINGA,5,
PS1258,APPETITE BOOSTER - LIVER WITH MORINGA,-5,
PS1259,BLACK ARMOUR,5,
PS1260,COSI MILK 1 LITER ,11,
PS1261,DR SHIBA - HAPPY TUMMY 250G,-1,
PS1262,DR SHIBA - HAPPY TUMMY MINI TUB 90G,0,
PS1263,DR SHIBA - HAPPY TUMMY TASTER PACK 40G,1,
PS1264,DR SHIBA - JOLLY JOINTS MINI TUB 90G,4,
PS1265,DR SHIBA - PRO IMMUNE 250G,1,
PS1266,DR SHIBA - PRO IMMUNE MINI TUB 90G,0,
PS1267,DR SHIBA - PRO IMMUNE TASTER PACK 40G,4,
PS1268,DR SHIBA - SILKY FUR MINI TUB 90G,3,
PS1269,GOURMET SPECIALIST VCO 300ML ,47,
PS1270,K9 POWER SHOW STOPPER SUPPLEMENT- 50G REPACK,1,
PS1271,K9 PUPPY GOLD,0,
PS1272,K9 SHOW STOPPER,5,
PS1273,LIVER CARE PETSMED 100ML ,2,
PS1274,MORINGGA NATURALE- MALUNGGAY POWDER 120G,-19,
PS1275,NANO SILVER 250ML,10,
PS1276,NANO SILVER 500ML,2,
PS1277,NUTRIBOOST GOAT'S MILK 200G (6L),116,
PS1278,NUTRIBOOST GOAT'S MILK 300G (10L),0,
PS1279,NUTRIBOOST GOATSMILK REPACK 100G POUCH,0,
PS1280,NUTRIBOOST GOATSMILK REPACK 75G,0,
PS1281,PET PURE MORINGA POWDER,20,
PS1282,PETS FUEL 175ML BOTTLE,0,
PS1283,PETS FUEL 350ML BOTTLE,0,
PS1284,PETS OWN MILK 1LITER- CAT & KITTEN,-9,
PS1285,PETS OWN MILK 1LITER- DOG & PUPPY,0,
PS1286,PLATELEAF SYRUP 120ML ,3,
PS1287,PROBIOTIC AID PLUS 100G,15,
PS1288,RRJ VCO 100ML,0,
PS1289,VETCORE NUTRIFUEL PROBIOTIC,2,
PS1290,WAGGY SURE,5,
PS1291,WAGGY SURE 50 GRAMS REPACK,0,
PS1292,PET ADJUSTABLE SHOES WATER REPELLANT #4,0,
PS1293,PET RAINCOAT - L,0,
PS1294,PET RAINCOAT - M,1,
PS1295,PET RAINCOAT - S,0,
PS1296,PET SOCKS S/M/L/XL,0,
PS1297,PET VACCINATION CARD,19,
PS1298,PET WATERPROOF PLASTIC SHOES (L),1,
PS1299,PET WATERPROOF PLASTIC SHOES (S/M),7,
PS1300,PET ZIPPER SNEAKER SHOES #1/#2/#3/#4/#5,0,
PS1301,TRAINING CLICKER,4,
PS1302,3 RING TOY,11,
PS1303,8 RING ROPE TOY,4,
PS1304,ATOM BALL PET TOY - BIG,5,
PS1305,ATOM BALL PET TOY - SMALL,-3,
PS1306,BITE RESISTANT PAPER CLOTH TOY,9,
PS1307,BONE PAW PRINT TOY,0,
PS1308,BONE SQUEAKY PET TOY,0,
PS1309,BONE STRIPE DOTTED TOY,3,
PS1310,CANDY COLOR CHEW BONE TOY,11,
PS1311,CANDY SPIKE ROUND RING TOY,0,
PS1312,CARROT ROPE TOY,1,
PS1313,CAT MOUNTAIN TEASER TOY,-3,
PS1314,CAT SCRATCH BUNK BED - 2 LAYER HANGING BALL 51X45X28CM,0,
PS1315,CAT SCRATCH BUNK BED - DELUXE 34X55X22CM,1,
PS1316,CAT SCRATCH BUNK BED - LARGE DOUBLE DOOOR 55X29X35CM,0,
PS1317,CAT SCRATCHING BEAR HEAD DOOR DOUBLE LAYER BOX ROOM 51X45X27CM,0,
PS1318,CAT SCRATCHING LARGE CLOUD BOX BED 35X55X30CM,0,
PS1319,CHICKEN THIGH SQUEAKY TOY,0,
PS1320,CIRCLE RING ROPE TOY,5,
PS1321,COLOR ROPE TOY,1,
PS1322,COMB RUBBER TOY,2,
PS1323,COTTON HANDLE TEASER FISHING ROD STYLE FEATHER TIP,12,
PS1324,COVID BALL TOY,0,
PS1325,CURVY RUBBER BONE BIG - TOY,1,
PS1326,CUTE TEETHER TOY,5,
PS1327,DOG ROPE TWISTED TOY,5,
PS1328,DRUMSTICK SQUEAKY TOY,1,
PS1329,DUMBELL PAW BONE TOY,0,
PS1330,FLOWER ROUND TEETHER TOY,0,
PS1331,FOOTBALL PET TOY,-1,
PS1332,HD CORN CHEW TOY,0,
PS1333,HEAVY BONE TOY,0,
PS1334,HOLE BONE TEETHER -RUBBER TOY,2,
PS1335,HONEY BONE WITH BELL TOY,0,
PS1336,INDESTRUCTIBLE RUBBER BALL - MEDIUM,7,
PS1337,INDESTRUCTIBLE RUBBER BALL - SMALL,8,
PS1338,INFINITY ROPE BALL TOY,0,
PS1339,INTERACTIVE CAT TOY -  GUN WITH BALLS,7,
PS1340,INTERACTIVE TOY WITH HOLE TOY,16,
PS1341,KNOTTED BALL ROPE TOY,0,
PS1342,LIGHTED BALL WITH BONE PRINT TOY,0,
PS1343,LIGHTED BALL WITH PAW PRINT TOY,0,
PS1344,LOUD CHICKEN TOY - BIG,9,
PS1345,LOUD CHICKEN TOY -SMALL,0,
PS1346,MEAT SOFT TOY,0,
PS1347,ORANGE BASKETBALL TOY,0,
PS1348,PACIFIER AND KEY PET TOY,0,
PS1349,PACIFIER TEETHER TOY,0,
PS1350,PAW PRINT BALL TOY,1,
PS1351,PET CAT SCRATCHING BUNK BED LARGE W/ HANGING BALLS,2,
PS1352,PET TOY CAT SCRATCH BOARD YELLOW ,14,
PS1353,PLUSH PILLOW POTATO CHIPS,3,
PS1354,PURPLE ROPE WITH CORNSHAPE ,1,
PS1355,PURPLE ROPE WITH RED SPIKE BALL,2,
PS1356,PURPLE ROPE WITH ROPE BALL,8,
PS1357,PURPLE ROPE WITH SPIKY STICK ROPE,2,
PS1358,PURPLE ROPE WITH STICKMAN SHAPE ,3,
PS1359,PURPLE ROPE WITH TEETHER ,3,
PS1360,PURPLE ROPE WITH TRANSPARENT BONE ,2,
PS1361,RAINBOW RING TOY,0,
PS1362,ROLLED ROPE BALL TOY,12,
PS1363,ROPE FRISBEE 18CM TOY,5,
PS1364,ROUND TOY TEETHER,0,
PS1365,RUBBER BALL SMALL - TOY,3,
PS1366,RUBBER BARBEL CHEW TOY,5,
PS1367,RUBBER CACTUS TPR TOY,3,
PS1368,RUBBER DURIAN SHAPED TOY,6,
PS1369,RUBBER PACIFIER TOY,19,
PS1370,SCENTED RUBBER FOOTBALL TOY,2,
PS1371,SHORT ROPE TOY,6,
PS1372,SPIKE SLANT BONE - TOY,5,
PS1373,SPIKE SQUEAKY FOOTBALL - TOY,4,
PS1374,SPIKEY BITE FOOTBALL RESISTANT TOY,4,
PS1375,SPIKEY LED BALL TOY,3,
PS1376,SPIKEY STICK ROPE STRONG - TOY,17,
PS1377,SQUEAKY BALL WITH LIGHT -TOY,0,
PS1378,SQUEAKY BURGER TOY,5,
PS1379,SQUEAKY COMET BALL TOY,0,
PS1380,SQUEAKY HEDGEHOG TOY,3,
PS1381,SQUEAKY PAW PATTERNED RUBBER BALL - TOY,0,
PS1382,SQUEAKY SPIKE BALL - TOY,9,
PS1383,SQUEAKY YELLOW BONE TOY,4,
PS1384,STAR MOON TEETHER - TOY,0,
PS1385,STAR ROPE TOY,6,
PS1386,STRIPE RUBBER BONE TOY,0,
PS1387,SUNCTION TOY PULLER,1,
PS1388,TEETHER LED DONUT TOY,0,
PS1389,TEETHER PACIFIER TOY,2,
PS1390,TRAINING RING RUBBER TOY,5,
PS1391,TRAINING ROPE BALL TOY,2,
PS1392,TRANSPARENT BONE WITH ROPE - TOY,-1,
PS1393,TRANSPARENT ROUND SPIKE - TOY,0,
PS1394,TRANSPARENT SLOTTED BONE - TOY,0,
PS1395,TRANSPARENT SPIKE SQUEEKY BONE  TOY,-1,
PS1396,TREAT HIDE BONE TOY,0,
PS1397,TREAT INSERT RUBBER BALL  TOY - SMALL,7,
PS1398,TREAT INSERT RUBBER BALL  TOY- LARGE,4,
PS1399,TREAT TUG TOY,1,
PS1400,TREATS DISPENSER BALL TOY,1,
PS1401,TREE BRANCH RUBBER TOY,2,
PS1402,TUG TRAINING ROPE,3,
PS1403,BIOCURE TABLET 100MG 1PC,24,
PS1404,CETIRIZENE CETIRIGEN 60ML,2,
PS1405,COAT POWER TICK AND FLEA SPRAY 60ML,0,
PS1406,COMXICLA SUSPENSION 60ML - COAMOXICLAV 156.25MG PER 5ML POWDER FOR SUSPENSION,8,
PS1407,COMXICLA SUSPENSION 60ML - COAMOXICLAV 312.5MG PER 5ML POWDER FOR SUSPENSION,7,
PS1408,DOXYCYLINE TABLET -PAPI DOXY 100G TAB,0,
PS1409,EAR CLEAN ADVANCE 15ML,2,
PS1410,EAR CURE PLUS 15ML,1,
PS1411,EAZY HEAL SPRAY 50ML,8,
PS1412,EYE GUARD 15ML,3,
PS1413,FREXIMOL CAP FISH OIL 1 BOTTLE,12,
PS1414,FRONTLINE PLUS SPOT - ON SOLUTION 10-20KG,0,
PS1415,IVERMECTIN AGMENTIN POWDER METROVET 5G,32,
PS1416,LUXE PET FRAGRANCE PERFUME 60ML,4,
PS1417,MYREX MYCLOSIL METOCLOPRAMIDE 60ML,1,
PS1418,NEUROVET TABLET 500G ,18,
PS1419,POENOPHEN SYRUP PARACETAMOL 60ML ,1,
PS1420,POWER PET IRON PLUS 120ML,0,
PS1421,PRAZINATE 15ML,0,
PS1422,RAINBOW ORAL CARE PLUS 35ML,0,
PS1423,RAINBOW PET VITAMINS 120ML,0,
PS1424,RANICLAV CO-AMOXICLAV TABLET 625G,25,
PS1425,SIKLAB DEXTROSE PLUS 100G,5,
PS1426,SMP 500 TABLET ,0,
PS1427,WOUND BUSTER 60ML,0,
PS1428,BIOCARE SYRUP,0,
PS1429,IMMUNO CARE SYRUP,0,
PS1430,PETPYRIN,0,
PS1431,PROBIO CARE,0,
PS1432,PULMO CARE 60ML MOCULYTIC SYRUP,-1,
PS1433,THROMBO CARE,0,
PS1434,MONDEX 100G,-34,
PS1435,MONDEX 120G NEW LOOK,37,
PS1436,MONDEX 340G,0,
PS1437,ELEVATED PLASTIC MATTING 2X3X6,-6,
PS1438,ELEVATED PLASTIC MATTING 2X3X8,14,
PS1439,HANDY CLEANING BRUSH WITH DUSTPAN,0,
PS1440,PET FENCE TOILET UPRIGHT WAVY- LARGE,0,
PS1441,PET FENCE TOILET UPRIGHT WAVY- MEDIUM,0,
PS1442,PLASTIC MATTING 1X2 BLACK,1,
PS1443,PLASTIC MATTING 1X2 COLORED,0,
PS1444,PLASTIC MATTING 1X2 WHITE (STANDARD),2,
PS1445,PLASTIC MATTING 1X3 BLACK,-31,
PS1446,PLASTIC MATTING 1X3 COLORED,-29,
PS1447,PLASTIC MATTING 1X3 WHITE (HEAVY DUTY),8,
PS1448,PLASTIC MATTING 1X3 WHITE (STANDARD),-20,
PS1449,PLASTIC MATTING 2X2,0,
PS1450,PLASTIC MATTING 2X3 FLAT,0,
PS1451,POTTY TRAINER THREE TIER LAWN-MED,0,
PS1452,GFUR CARE TICK BUSTER FIPRONIL SPRAY 100ML,3,
PS1453,KENNEL CARE 75ML BOTTLE,0,
PS1454,LOCAL MDC SINGLE SOAP 50G,1,
PS1455,PET POWDER ANTI PARASITIC 100G,3,
PS1456,PET POWDER MDC 100G,-2,
PS1457,PROLIFIC DEXTROSE POWDER 100G,30,
PS1458,PROLIFIC DEXTROSE POWDER 250G,23,
PS1459,PROLIFIC FIPRONIL SOAP 135G,0,
PS1460,PROLIFIC KENNEL CARE 1000ML,1,
PS1461,PROLIFIC KENNEL CARE 500ML,0,
PS1462,PROLIFIC MADRE DE CACAO HEALING CREAM,0,
PS1463,PROLIFIC MDC SPECIALIZED SHAMPOO - 1L REPACK PUMP BOTTLE ,5,
PS1464,PROLIFIC PET COLOGNE - BUBBLEGUM 100ML,-1,
PS1465,PROLIFIC PET COLOGNE - BUBBLEGUM 50ML,20,
PS1466,PROLIFIC PET COLOGNE - LAVENDER 100ML,3,
PS1467,PROLIFIC PET COLOGNE - LAVENDER 50ML,26,
PS1468,PROLIFIC PET COLOGNE - POWDER 100ML,-2,
PS1469,PROLIFIC PET COLOGNE - POWDER 50ML,11,
PS1470,PROLIFIC PET COLOGNE - RASPBERRY 100ML,0,
PS1471,PROLIFIC PET COLOGNE - RASPBERRY 50ML,25,
PS1472,PROLIFIC PET COLOGNE -MELON 50ML,22,
PS1473,PROLIFIC SHAMPOO - 100ML ,-5,
PS1474,PROLIFIC SHAMPOO - LAVENDER 1/2 GALLON,3,
PS1475,PROLIFIC SHAMPOO - LAVENDER 100ML,37,
PS1476,PROLIFIC SHAMPOO - LAVENDER 500ML,21,
PS1477,PROLIFIC SHAMPOO - LAVENDER GALLON,1,
PS1478,PROLIFIC SHAMPOO - POWDER 1/2 GALLON,5,
PS1479,PROLIFIC SHAMPOO - POWDER 100ML,93,
PS1480,PROLIFIC SHAMPOO - POWDER 500ML,63,
PS1481,PROLIFIC SHAMPOO - POWDER GALLON,1,
PS1482,PROLIFIC SHAMPOO - RASPBERRY 1/2 GALLON,9,
PS1483,PROLIFIC SHAMPOO - RASPBERRY 100ML,64,
PS1484,PROLIFIC SHAMPOO - RASPBERRY 500ML,47,
PS1485,PROLIFIC SHAMPOO - RASPBERRY GALLON,10,
PS1486,PROLIFIC SPECIALIZED SHAMPOO  - FIPRONIL 250ML,0,
PS1487,PROLIFIC SPECIALIZED SHAMPOO - FIPRONIL 500ML,2,
PS1488,PROLIFIC SPECIALIZED SHAMPOO - FIPRONIL GALLON,0,
PS1489,PROLIFIC SPECIALIZED SHAMPOO - MDC 250ML,6,
PS1490,PROLIFIC SPECIALIZED SHAMPOO - MDC 500ML,0,
PS1491,PROLIFIC SPECIALIZED SHAMPOO - MDC GALLON,2,
PS1492,PROLIFIC SPECIALIZED SHAMPOO - OATMEAL 250ML,14,
PS1493,PROLIFIC SPECIALIZED SHAMPOO - OATMEAL 500ML,9,
PS1494,PROLIFIC SPECIALIZED SHAMPOO - OATMEAL GALLON,0,
PS1495,PROLIFIC SULFUR SOAP 135G,0,
PS1496,TICK BUSTER FIPRONIL SPRAY 200ML,0,
PS1497,GRASS STICKS 1PACK ,3,
PS1498,LUXBER LU101 FORMULA  RABBIT FOOD,2,
PS1499,LUXBER VITAFUL FORMULA RABBIT FOOD- 250G POUCH ,1,
PS1500,R&M CLASSIC DAILY RABBIT FOOD 454G,1,
PS1501,R&M RL-101 DIGESTANT RABBIT FOOD 500G,0,
PS1502,VITAKRAFT MENU RABBIT FOOD 1KG ,6,
PS1503,RC MINI PUPPY JUNIOR 2KG,1,
PS1504,RC MINI PUPPY JUNIOUR 1KILO REPACK,-2,
PS1505,RC MOTHER AND BABY CAT 4KG PACK,1,
PS1506,MAXIM DELIVERY PAYMENTS,0,
PS1507,10CC SYRINGE,0,
PS1508,1CC SYRINGE,32,
PS1509,3CC SYRINGE,16,
PS1510,5CC SYRINGE,-2,
PS1511,ADVOCATE UP TO 4KG,5,
PS1512,BRAVECTO LARGE (20-40KG),0,
PS1513,BRAVECTO MEDIUM (10-20KG),0,
PS1514,BRAVECTO SMALL (4.5-10KG),0,
PS1515,BRAVECTO X-SMALL (2.5-4.5KG),0,
PS1516,DETICK 1CC,-5,
PS1517,DETICK 2CC,7,
PS1518,DETICK PLUS 1CC,-8,
PS1519,DETICK PLUS 2CC,8,
PS1520,ENDEX 4000 (10KG BELOW),7,
PS1521,ENDEX 8000 (10KG ABOVE),0,
PS1522,NEXGARD LARGE RED (25-50KG),7,
PS1523,NEXGARD MEDIUM PURPLE (10-25KG),15,
PS1524,NEXGARD SMALL BLUE (4-10KG),1,
PS1525,NEXGARD SPECTRA LARGE (15-30KG),5,
PS1526,NEXGARD SPECTRA MEDIUM (7-15KG),19,
PS1527,NEXGARD SPECTRA SMALL (3.5-7KG),21,
PS1528,NEXGARD SPECTRA X-SMALL (2-3KG),0,
PS1529,NEXGARD SPECTRA XL (30-60KG),0,
PS1530,NEXGARD X-SMALL ORANGE (2-4KG),1,
PS1531,"NUTRIPLUS GEL  TUBE OF 120,5G",2,
PS1532,PAWELL EAR MITE BUSTER 60ML,0,
PS1533,PNEUMEX,5,
PS1534,PUPPY BOOST,0,
PS1535,ST. GERTIE CAT DRY SHAMPOO 128G,8,
PS1536,ST. GERTIE CAT SHAMPOO - HEAVEN SCENT 250ML,1,
PS1537,ST. GERTIE CAT SHAMPOO - SWEET EMBRACE 250ML,0,
PS1538,ST. GERTIE CAT SHAMPOO- HAPPINESS 250ML,1,
PS1539,ST. GERTIE CAT SHAMPOO- MOTHER NATURE 250ML,3,
PS1540,ST. ROCHE CONDITIONER - HAPPINESS 500ML,-2,
PS1541,ST. ROCHE CONDITIONER - HEAVEN SCENT 500ML,4,
PS1542,ST. ROCHE CONDITIONER - SWEET EMBRACE 500ML,1,
PS1543,ST. ROCHE DETANGLING AND DEMATTING SPRAY FOR DOGS 318ML - HAPPINESS,0,
PS1544,ST. ROCHE DETANGLING AND DEMATTING SPRAY FOR DOGS 318ML- HEAVEN SCENT,0,
PS1545,ST. ROCHE DOG SOAP 135G,22,
PS1546,ST. ROCHE SHAMPOO - HAPPINESS 250ML,4,
PS1547,ST. ROCHE SHAMPOO - HEAVEN SCENT 250ML,4,
PS1548,ST. ROCHE SHAMPOO - MOTHER NATURE 250ML,14,
PS1549,ST. ROCHE SHAMPOO - MOTHER NATURE 628ML,0,
PS1550,ST. ROCHE SHAMPOO - SWEET EMBRACE 250ML,2,
PS1551,ST. ROCHE SHAMPOO - SWEET EMBRACE 628ML,0,
PS1552,VETCORE /VETS CHOICE 2-IN-1 FUR SPRAY,0,
PS1553,VETCORE ACTIVE SHAMPOO 400ML,1,
PS1554,VETCORE ACTIVE SOAP 135G,-1,
PS1555,VETCORE HERBAL SOAP 120G,0,
PS1556,VETCORE ODOR MAGIC 100ML,0,
PS1557,VETCORE ODOR MAGIC 250ML,0,
PS1558,VETCORE ODOR MAGIC 70ML,4,
PS1559,VETCORE SHAMPOO 90ML REPACK,-4,
PS1560,VETCORE TICK AND FLEA SPRAY 250ML,-12,
PS1561,VETCORE ULTRAVET TLC,0,
PS1562,BRONCURE 60ML,23,
PS1563,ENER-G 60ML,13,
PS1564,ENMALAC 120ML,1,
PS1565,IOZIN SPRAY,1,
PS1566,NACALVIT-C 120ML,13,
PS1567,NACALVIT-ZC 120ml,15,
PS1568,PAPI BION PLUS 120ML,19,
PS1569,PAPI DOXY 60ML,1,
PS1570,PAPI LIVWELL SUSPENSION 60ML,3,
PS1571,PAPI METRONIDAZOLE FLAVET 60ML,14,
PS1572,PAPI MVP 120ML,13,
PS1573,PAPI OB,11,
PS1574,PAPI SCOUR 60ML,0,
PS1575,PAPI VERMIFUGE SUSPENSION 60ML,0,
PS1576,RENACURE,3,
PS1577,TOPIDERM 10G,5,
PS1578,TOPIDERM 20G,24,
PS1579,VENOMA 120ML,8,
,,,
,,,
,,,
,,,
,,,
,,,
,,,
,,,
,,,
,,,
,,,
,,,
,,,
